<?xml version="1.0" encoding="Windows-1252"?>

<Material>
	<Detail>
		<0>
			<Path>data/gfx/landscape/textures/ground/detail_sand_02.png</Path>
			<FarTiling>0.0533333</FarTiling>
			<NearTiling>0.471111</NearTiling>
		</0>
		<1>
			<Path>data\gfx\landscape\textures\ground\detail_grass_01.png</Path>
			<FarTiling>0.0488889</FarTiling>
			<NearTiling>0.462222</NearTiling>
		</1>
		<2>
			<Path>data\gfx\landscape\textures\ground\detail_ground_01.png</Path>
			<FarTiling>0.0577778</FarTiling>
			<NearTiling>0.422222</NearTiling>
		</2>
		<3>
			<Path>Data/Gfx/Landscape/Textures/DefaultDetail.png</Path>
			<FarTiling>0.5</FarTiling>
			<NearTiling>0.5</NearTiling>
		</3>
		<FarDistance>800</FarDistance>
		<NearDistance>0.0921659</NearDistance>
	</Detail>
	<Rock>
		<RockSlope>0.589286</RockSlope>
		<RockSlopeBlending>0.245536</RockSlopeBlending>
	</Rock>
	<Layer00>
		<Start>1</Start>
		<End>1.1</End>
		<Transition>0.01</Transition>
		<Perturbation>0.1</Perturbation>
		<Tiling>8</Tiling>
		<Noise>
			<MainMix>0.427313</MainMix>
			<Mix12>0.409692</Mix12>
			<Mix34>0.405286</Mix34>
			<Tiling>0.493274</Tiling>
			<Tiling12>0.430493</Tiling12>
			<Tiling34>0.466368</Tiling34>
			<Transition>0.15859</Transition>
		</Noise>
		<Texture>
			<Tex00>data/gfx/landscape/textures/rock/rock_trailer01.png</Tex00>
			<Tex01>data/gfx/landscape/textures/rock/rock_trailer02.png</Tex01>
			<Tex02>data/gfx/landscape/textures/rock/rock_trailer03.png</Tex02>
			<Tex03>data/gfx/landscape/textures/rock/rock_trailer04.png</Tex03>
			<Tiling>0.468293</Tiling>
		</Texture>
	</Layer00>
	<Layer01>
		<Start>1</Start>
		<End>1.1</End>
		<Transition>0.01</Transition>
		<Perturbation>0.1</Perturbation>
		<Tiling>8</Tiling>
		<Noise>
			<MainMix>0.38326</MainMix>
			<Mix12>0.365639</Mix12>
			<Mix34>0.321586</Mix34>
			<Tiling>0.143498</Tiling>
			<Tiling12>0.0493274</Tiling12>
			<Tiling34>0.0762332</Tiling34>
			<Transition>0.118943</Transition>
		</Noise>
		<Texture>
			<Tex00>data/gfx/landscape/textures/ground/sand_01.png</Tex00>
			<Tex01>data/gfx/landscape/textures/ground/sand_02.png</Tex01>
			<Tex02>data/gfx/landscape/textures/ground/sand_03.png</Tex02>
			<Tex03>data/gfx/landscape/textures/ground/sand_04.png</Tex03>
			<Tiling>0.0341463</Tiling>
		</Texture>
	</Layer01>
	<Layer02>
		<Start>0.267866</Start>
		<End>1</End>
		<Transition>0.0483092</Transition>
		<Perturbation>0</Perturbation>
		<Tiling>0</Tiling>
		<Noise>
			<MainMix>0.387665</MainMix>
			<Mix12>0.396476</Mix12>
			<Mix34>0.378855</Mix34>
			<Tiling>0.139013</Tiling>
			<Tiling12>0.0672646</Tiling12>
			<Tiling34>0.0493274</Tiling34>
			<Transition>0.312775</Transition>
		</Noise>
		<Texture>
			<Tex00>data\gfx\landscape\textures\ground\grass_01.png</Tex00>
			<Tex01>data/gfx/landscape/textures/ground/ground_01.png</Tex01>
			<Tex02>data\gfx\landscape\textures\ground\grass_03.png</Tex02>
			<Tex03>data\gfx\landscape\textures\ground\grass_04.png</Tex03>
			<Tiling>0.0243902</Tiling>
		</Texture>
	</Layer02>
	<Layer03>
		<Start>0</Start>
		<End>0.210376</End>
		<Transition>0.211065</Transition>
		<Perturbation>0</Perturbation>
		<Tiling>0.410628</Tiling>
		<Noise>
			<MainMix>0.387665</MainMix>
			<Mix12>0.444934</Mix12>
			<Mix34>0.572687</Mix34>
			<Tiling>0.0852018</Tiling>
			<Tiling12>0.0896861</Tiling12>
			<Tiling34>0</Tiling34>
			<Transition>0.277533</Transition>
		</Noise>
		<Texture>
			<Tex00>data/gfx/landscape/textures/ground/sand_blue_01.png</Tex00>
			<Tex01>data/gfx/landscape/textures/ground/sand_blue_02.png</Tex01>
			<Tex02>data/gfx/landscape/textures/ground/sand_03.png</Tex02>
			<Tex03>data/gfx/landscape/textures/ground/sand_blue_01.png</Tex03>
			<Tiling>0.0195122</Tiling>
		</Texture>
	</Layer03>
	<Layer04>
		<Start>1</Start>
		<End>1.1</End>
		<Transition>0.01</Transition>
		<Perturbation>0.1</Perturbation>
		<Tiling>8</Tiling>
		<Noise>
			<MainMix>0.5</MainMix>
			<Mix12>0.5</Mix12>
			<Mix34>0.5</Mix34>
			<Tiling>0.5</Tiling>
			<Tiling12>0.5</Tiling12>
			<Tiling34>0.5</Tiling34>
			<Transition>0.1</Transition>
		</Noise>
		<Texture>
			<Tex00>Data/Gfx/Landscape/Textures/DefaultTexture.png</Tex00>
			<Tex01>Data/Gfx/Landscape/Textures/DefaultTexture.png</Tex01>
			<Tex02>Data/Gfx/Landscape/Textures/DefaultTexture.png</Tex02>
			<Tex03>Data/Gfx/Landscape/Textures/DefaultTexture.png</Tex03>
			<Tiling>0.5</Tiling>
		</Texture>
	</Layer04>
</Material>