<?xml version="1.0" encoding="Windows-1252"?>

<Material>
	<Detail>
		<0>
			<Path>data\gfx\landscape\textures\ground\detail_ground_01.png</Path>
			<FarTiling>0.0533333011</FarTiling>
			<NearTiling>0.4711109996</NearTiling>
		</0>
		<1>
			<Path>data/gfx/landscape/textures/ground/detail_sand_03.png</Path>
			<FarTiling>0.1111111119</FarTiling>
			<NearTiling>0.2488888949</NearTiling>
		</1>
		<2>
			<Path>data/gfx/landscape/textures/ground/detail_grass_01.png</Path>
			<FarTiling>0.05777779967</FarTiling>
			<NearTiling>0.4222219884</NearTiling>
		</2>
		<3>
			<Path>data/gfx/landscape/textures/ground/detail_grass_01.png</Path>
			<FarTiling>0.5</FarTiling>
			<NearTiling>0.5</NearTiling>
		</3>
		<FarDistance>3.317970037</FarDistance>
		<NearDistance>0.07370000333</NearDistance>
	</Detail>
	<Rock>
		<RockSlope>0.647321403</RockSlope>
		<RockSlopeBlending>0.21875</RockSlopeBlending>
	</Rock>
	<Layer00>
		<Start>1</Start>
		<End>1.100000024</End>
		<Transition>0.009999999776</Transition>
		<Perturbation>0.1000000015</Perturbation>
		<Tiling>8</Tiling>
		<Noise>
			<MainMix>0.4317180514</MainMix>
			<Mix12>0.348017633</Mix12>
			<Mix34>0.400881052</Mix34>
			<Tiling>0.2690579891</Tiling>
			<Tiling12>0.4394620061</Tiling12>
			<Tiling34>0.3721970022</Tiling34>
			<Transition>0.1277530044</Transition>
		</Noise>
		<Texture>
			<Tex00>data\gfx\landscape\textures\rock\rock_03.png</Tex00>
			<Tex01>data\gfx\landscape\textures\rock\rock_08.png</Tex01>
			<Tex02>data\gfx\landscape\textures\rock\rock_07.png</Tex02>
			<Tex03>data\gfx\landscape\textures\rock\rock_05.png</Tex03>
			<Tiling>0.1658536643</Tiling>
		</Texture>
	</Layer00>
	<Layer01>
		<Start>1</Start>
		<End>1.100000024</End>
		<Transition>0.009999999776</Transition>
		<Perturbation>0.1000000015</Perturbation>
		<Tiling>8</Tiling>
		<Noise>
			<MainMix>0.3832600117</MainMix>
			<Mix12>0.3656390011</Mix12>
			<Mix34>0.3215860128</Mix34>
			<Tiling>0.1434980035</Tiling>
			<Tiling12>0.09417039901</Tiling12>
			<Tiling34>0.08071749657</Tiling34>
			<Transition>0.1189429983</Transition>
		</Noise>
		<Texture>
			<Tex00>data/gfx/landscape/textures/ground/sand_blue_01.png</Tex00>
			<Tex01>data/gfx/landscape/textures/ground/sand_blue_02.png</Tex01>
			<Tex02>data/gfx/landscape/textures/ground/sand_blue_01.png</Tex02>
			<Tex03>data/gfx/landscape/textures/ground/sand_blue_01.png</Tex03>
			<Tiling>0.03414630145</Tiling>
		</Texture>
	</Layer01>
	<Layer02>
		<Start>0</Start>
		<End>1</End>
		<Transition>0.3091787398</Transition>
		<Perturbation>0.04347826168</Perturbation>
		<Tiling>0.04830917716</Tiling>
		<Noise>
			<MainMix>0.3171806037</MainMix>
			<Mix12>0.6079295278</Mix12>
			<Mix34>0.3788546324</Mix34>
			<Tiling>0.1569509953</Tiling>
			<Tiling12>0.2466370016</Tiling12>
			<Tiling34>0.1704040021</Tiling34>
			<Transition>0.1541850269</Transition>
		</Noise>
		<Texture>
			<Tex00>data/gfx/landscape/textures/ground/sand_03.png</Tex00>
			<Tex01>data/gfx/landscape/textures/ground/sand_01.png</Tex01>
			<Tex02>data/gfx/landscape/textures/ground/sand_01.png</Tex02>
			<Tex03>data/gfx/landscape/textures/ground/sand_03.png</Tex03>
			<Tiling>0.04390243813</Tiling>
		</Texture>
	</Layer02>
	<Layer03>
		<Start>0.2270531356</Start>
		<End>0.8405796885</End>
		<Transition>0.1352656931</Transition>
		<Perturbation>0</Perturbation>
		<Tiling>0.410627991</Tiling>
		<Noise>
			<MainMix>0.3612334728</MainMix>
			<Mix12>0.2422907501</Mix12>
			<Mix34>0.3788546324</Mix34>
			<Tiling>0.05829596519</Tiling>
			<Tiling12>0</Tiling12>
			<Tiling34>0.1076233163</Tiling34>
			<Transition>0.2202643156</Transition>
		</Noise>
		<Texture>
			<Tex00>data/gfx/landscape/textures/ground/grass_02.png</Tex00>
			<Tex01>data/gfx/landscape/textures/ground/ground_09.png</Tex01>
			<Tex02>data/gfx/landscape/textures/ground/grass_01.png</Tex02>
			<Tex03>data/gfx/landscape/textures/ground/grass_05.png</Tex03>
			<Tiling>0.01951219514</Tiling>
		</Texture>
	</Layer03>
	<Layer04>
		<Start>0.6086956263</Start>
		<End>1</End>
		<Transition>0.3140096664</Transition>
		<Perturbation>0.06280193478</Perturbation>
		<Tiling>0.1159420311</Tiling>
		<Noise>
			<MainMix>0.4889867902</MainMix>
			<Mix12>0.3876652122</Mix12>
			<Mix34>0.4405286312</Mix34>
			<Tiling>0.02690582909</Tiling>
			<Tiling12>0.3991031349</Tiling12>
			<Tiling34>0.3004484177</Tiling34>
			<Transition>0.1321585923</Transition>
		</Noise>
		<Texture>
			<Tex00>data/gfx/landscape/textures/ground/ground_04.png</Tex00>
			<Tex01>data/gfx/landscape/textures/ground/ground_02.png</Tex01>
			<Tex02>data/gfx/landscape/textures/ground/ground_01.png</Tex02>
			<Tex03>data/gfx/landscape/textures/ground/grass_04.png</Tex03>
			<Tiling>0.02439024299</Tiling>
		</Texture>
	</Layer04>
</Material>