<?xml version="1.0" encoding="Windows-1252"?>

<Material>
	<Detail>
		<0>
			<Path>data\gfx\landscape\textures\ground\detail_ground_01.png</Path>
			<FarTiling>0.0533333</FarTiling>
			<NearTiling>0.471111</NearTiling>
		</0>
		<1>
			<Path>data\gfx\landscape\textures\ground\detail_grass_01.png</Path>
			<FarTiling>0.0488889</FarTiling>
			<NearTiling>0.462222</NearTiling>
		</1>
		<2>
			<Path>data\gfx\landscape\textures\ground\detail_snow_01.png</Path>
			<FarTiling>0.0577778</FarTiling>
			<NearTiling>0.422222</NearTiling>
		</2>
		<3>
			<Path>Data/Gfx/Landscape/Textures/DefaultDetail.png</Path>
			<FarTiling>0.5</FarTiling>
			<NearTiling>0.5</NearTiling>
		</3>
		<FarDistance>800</FarDistance>
		<NearDistance>0.0921659</NearDistance>
	</Detail>
	<Rock>
		<RockSlope>0.325893</RockSlope>
		<RockSlopeBlending>0.232143</RockSlopeBlending>
	</Rock>
	<Layer00>
		<Start>1</Start>
		<End>1.1</End>
		<Transition>0.01</Transition>
		<Perturbation>0.1</Perturbation>
		<Tiling>8</Tiling>
		<Noise>
			<MainMix>0.427313</MainMix>
			<Mix12>0.409692</Mix12>
			<Mix34>0.405286</Mix34>
			<Tiling>0.269058</Tiling>
			<Tiling12>0.439462</Tiling12>
			<Tiling34>0.372197</Tiling34>
			<Transition>0.127753</Transition>
		</Noise>
		<Texture>
			<Tex00>data\gfx\landscape\textures\rock\rock_03.png</Tex00>
			<Tex01>data\gfx\landscape\textures\rock\rock_08.png</Tex01>
			<Tex02>data\gfx\landscape\textures\rock\rock_07.png</Tex02>
			<Tex03>data\gfx\landscape\textures\rock\rock_05.png</Tex03>
			<Tiling>0.463415</Tiling>
		</Texture>
	</Layer00>
	<Layer01>
		<Start>1</Start>
		<End>1.1</End>
		<Transition>0.01</Transition>
		<Perturbation>0.1</Perturbation>
		<Tiling>8</Tiling>
		<Noise>
			<MainMix>0.38326</MainMix>
			<Mix12>0.365639</Mix12>
			<Mix34>0.321586</Mix34>
			<Tiling>0.143498</Tiling>
			<Tiling12>0.0941704</Tiling12>
			<Tiling34>0.0807175</Tiling34>
			<Transition>0.118943</Transition>
		</Noise>
		<Texture>
			<Tex00>data\gfx\landscape\textures\ground\ground_01.png</Tex00>
			<Tex01>data\gfx\landscape\textures\ground\ground_02.png</Tex01>
			<Tex02>data\gfx\landscape\textures\ground\ground_03.png</Tex02>
			<Tex03>data\gfx\landscape\textures\ground\ground_04.png</Tex03>
			<Tiling>0.0341463</Tiling>
		</Texture>
	</Layer01>
	<Layer02>
		<Start>0.0338164</Start>
		<End>1</End>
		<Transition>0.00966184</Transition>
		<Perturbation>0.00966184</Perturbation>
		<Tiling>0</Tiling>
		<Noise>
			<MainMix>0.387665</MainMix>
			<Mix12>0.352423</Mix12>
			<Mix34>0.365639</Mix34>
			<Tiling>0.107623</Tiling>
			<Tiling12>0.0986547</Tiling12>
			<Tiling34>0.103139</Tiling34>
			<Transition>0.118943</Transition>
		</Noise>
		<Texture>
			<Tex00>data\gfx\landscape\textures\ground\grass_01.png</Tex00>
			<Tex01>data\gfx\landscape\textures\ground\grass_04.png</Tex01>
			<Tex02>data\gfx\landscape\textures\ground\grass_03.png</Tex02>
			<Tex03>data\gfx\landscape\textures\ground\grass_04.png</Tex03>
			<Tiling>0.0439024</Tiling>
		</Texture>
	</Layer02>
	<Layer03>
		<Start>0.173913</Start>
		<End>1</End>
		<Transition>0.164251</Transition>
		<Perturbation>0.0434783</Perturbation>
		<Tiling>0.410628</Tiling>
		<Noise>
			<MainMix>0.387665</MainMix>
			<Mix12>0.356828</Mix12>
			<Mix34>0.317181</Mix34>
			<Tiling>0.134529</Tiling>
			<Tiling12>0.233184</Tiling12>
			<Tiling34>0.156951</Tiling34>
			<Transition>0.127753</Transition>
		</Noise>
		<Texture>
			<Tex00>data\gfx\landscape\textures\ground\snow_01.png</Tex00>
			<Tex01>data\gfx\landscape\textures\ground\snow_02.png</Tex01>
			<Tex02>data\gfx\landscape\textures\ground\snow_03.png</Tex02>
			<Tex03>data\gfx\landscape\textures\ground\snow_04.png</Tex03>
			<Tiling>0.0195122</Tiling>
		</Texture>
	</Layer03>
	<Layer04>
		<Start>1</Start>
		<End>1.1</End>
		<Transition>0.01</Transition>
		<Perturbation>0.1</Perturbation>
		<Tiling>8</Tiling>
		<Noise>
			<MainMix>0.5</MainMix>
			<Mix12>0.5</Mix12>
			<Mix34>0.5</Mix34>
			<Tiling>0.5</Tiling>
			<Tiling12>0.5</Tiling12>
			<Tiling34>0.5</Tiling34>
			<Transition>0.1</Transition>
		</Noise>
		<Texture>
			<Tex00>Data/Gfx/Landscape/Textures/DefaultTexture.png</Tex00>
			<Tex01>Data/Gfx/Landscape/Textures/DefaultTexture.png</Tex01>
			<Tex02>Data/Gfx/Landscape/Textures/DefaultTexture.png</Tex02>
			<Tex03>Data/Gfx/Landscape/Textures/DefaultTexture.png</Tex03>
			<Tiling>0.5</Tiling>
		</Texture>
	</Layer04>
</Material>