<?xml version="1.0" encoding="Windows-1252"?>

<Material>
	<Detail>
		<0>
			<Path>data\gfx\landscape\textures\ground\detail_ground_01.png</Path>
			<FarTiling>0.0533333011</FarTiling>
			<NearTiling>0.4711109996</NearTiling>
		</0>
		<1>
			<Path>data\gfx\landscape\textures\ground\detail_grass_01.png</Path>
			<FarTiling>0.04888889939</FarTiling>
			<NearTiling>0.4622220099</NearTiling>
		</1>
		<2>
			<Path>data\gfx\landscape\textures\ground\detail_ground_01.png</Path>
			<FarTiling>0.05777779967</FarTiling>
			<NearTiling>0.4222219884</NearTiling>
		</2>
		<3>
			<Path>Data/Gfx/Landscape/Textures/DefaultDetail.png</Path>
			<FarTiling>0.5</FarTiling>
			<NearTiling>0.5</NearTiling>
		</3>
		<FarDistance>3.317970037</FarDistance>
		<NearDistance>0.07370000333</NearDistance>
	</Detail>
	<Rock>
		<RockSlope>0.5044642687</RockSlope>
		<RockSlopeBlending>0.2544640005</RockSlopeBlending>
	</Rock>
	<Layer00>
		<Start>1</Start>
		<End>1.100000024</End>
		<Transition>0.009999999776</Transition>
		<Perturbation>0.1000000015</Perturbation>
		<Tiling>8</Tiling>
		<Noise>
			<MainMix>0.4933920801</MainMix>
			<Mix12>0.50220263</Mix12>
			<Mix34>0.4933920801</Mix34>
			<Tiling>0.251121074</Tiling>
			<Tiling12>0.08520179242</Tiling12>
			<Tiling34>0.1614349782</Tiling34>
			<Transition>0.1585903019</Transition>
		</Noise>
		<Texture>
			<Tex00>data\gfx\landscape\textures\rock\rock_03.png</Tex00>
			<Tex01>data\gfx\landscape\textures\rock\rock_08.png</Tex01>
			<Tex02>data\gfx\landscape\textures\rock\rock_07.png</Tex02>
			<Tex03>data\gfx\landscape\textures\rock\rock_05.png</Tex03>
			<Tiling>0.2146341503</Tiling>
		</Texture>
	</Layer00>
	<Layer01>
		<Start>1</Start>
		<End>1.100000024</End>
		<Transition>0.009999999776</Transition>
		<Perturbation>0.1000000015</Perturbation>
		<Tiling>8</Tiling>
		<Noise>
			<MainMix>0.4757709205</MainMix>
			<Mix12>0.4933920801</Mix12>
			<Mix34>0.4801762104</Mix34>
			<Tiling>0.1345291436</Tiling>
			<Tiling12>0.03587444127</Tiling12>
			<Tiling34>0.08071748912</Tiling34>
			<Transition>0.1894273162</Transition>
		</Noise>
		<Texture>
			<Tex00>data\gfx\landscape\textures\ground\ground_01.png</Tex00>
			<Tex01>data\gfx\landscape\textures\ground\ground_02.png</Tex01>
			<Tex02>data\gfx\landscape\textures\ground\ground_03.png</Tex02>
			<Tex03>data\gfx\landscape\textures\ground\ground_04.png</Tex03>
			<Tiling>0.01951219514</Tiling>
		</Texture>
	</Layer01>
	<Layer02>
		<Start>0.3913043439</Start>
		<End>1</End>
		<Transition>0.1207729504</Transition>
		<Perturbation>0.03864734247</Perturbation>
		<Tiling>0.05797101557</Tiling>
		<Noise>
			<MainMix>0.4096916318</MainMix>
			<Mix12>0.400881052</Mix12>
			<Mix34>0.3392070532</Mix34>
			<Tiling>0</Tiling>
			<Tiling12>0</Tiling12>
			<Tiling34>0</Tiling34>
			<Transition>0.5462555289</Transition>
		</Noise>
		<Texture>
			<Tex00>data/gfx/landscape/textures/ground/grass_01.png</Tex00>
			<Tex01>data/gfx/landscape/textures/ground/grass_02.png</Tex01>
			<Tex02>data/gfx/landscape/textures/ground/grass_03.png</Tex02>
			<Tex03>data/gfx/landscape/textures/ground/ground_09.png</Tex03>
			<Tiling>0.01951219514</Tiling>
		</Texture>
	</Layer02>
	<Layer03>
		<Start>0.7053139806</Start>
		<End>1</End>
		<Transition>1</Transition>
		<Perturbation>0.09178744256</Perturbation>
		<Tiling>0.2995169163</Tiling>
		<Noise>
			<MainMix>0.2819383144</MainMix>
			<Mix12>0.4933920801</Mix12>
			<Mix34>0.3259911835</Mix34>
			<Tiling>0.1390134543</Tiling>
			<Tiling12>0.04932735488</Tiling12>
			<Tiling34>0.09417040646</Tiling34>
			<Transition>0.2158590257</Transition>
		</Noise>
		<Texture>
			<Tex00>data\gfx\landscape\textures\ground\ground_01.png</Tex00>
			<Tex01>data\gfx\landscape\textures\ground\ground_02.png</Tex01>
			<Tex02>data\gfx\landscape\textures\ground\ground_03.png</Tex02>
			<Tex03>data/gfx/landscape/textures/ground/ground_09.png</Tex03>
			<Tiling>0.02926829271</Tiling>
		</Texture>
	</Layer03>
	<Layer04>
		<Start>1</Start>
		<End>1.100000024</End>
		<Transition>0.009999999776</Transition>
		<Perturbation>0.1000000015</Perturbation>
		<Tiling>8</Tiling>
		<Noise>
			<MainMix>0.5</MainMix>
			<Mix12>0.5</Mix12>
			<Mix34>0.5</Mix34>
			<Tiling>0.5</Tiling>
			<Tiling12>0.5</Tiling12>
			<Tiling34>0.5</Tiling34>
			<Transition>0.1000000015</Transition>
		</Noise>
		<Texture>
			<Tex00>Data/Gfx/Landscape/Textures/DefaultTexture.png</Tex00>
			<Tex01>Data/Gfx/Landscape/Textures/DefaultTexture.png</Tex01>
			<Tex02>Data/Gfx/Landscape/Textures/DefaultTexture.png</Tex02>
			<Tex03>Data/Gfx/Landscape/Textures/DefaultTexture.png</Tex03>
			<Tiling>0.5</Tiling>
		</Texture>
	</Layer04>
</Material>