<?xml version="1.0" encoding="Windows-1252"?>

<Material>
	<Detail>
		<0>
			<Path>data\gfx\landscape\textures\ground\detail_ground_01.png</Path>
			<FarTiling>0.0533333011</FarTiling>
			<NearTiling>0.4711109996</NearTiling>
		</0>
		<1>
			<Path>data/gfx/landscape/textures/ground/detail_ground_01.png</Path>
			<FarTiling>0.04888889939</FarTiling>
			<NearTiling>0.4622220099</NearTiling>
		</1>
		<2>
			<Path>data/gfx/landscape/textures/ground/detail_grass_01.png</Path>
			<FarTiling>0.05777779967</FarTiling>
			<NearTiling>0.4222219884</NearTiling>
		</2>
		<3>
			<Path>data/gfx/landscape/textures/ground/detail_snow_01.png</Path>
			<FarTiling>0.5</FarTiling>
			<NearTiling>0.5</NearTiling>
		</3>
		<FarDistance>3.317970037</FarDistance>
		<NearDistance>0.07370000333</NearDistance>
	</Detail>
	<Rock>
		<RockSlope>0.1116071418</RockSlope>
		<RockSlopeBlending>0.1049107164</RockSlopeBlending>
	</Rock>
	<Layer00>
		<Start>1</Start>
		<End>1.100000024</End>
		<Transition>0.009999999776</Transition>
		<Perturbation>0.1000000015</Perturbation>
		<Tiling>8</Tiling>
		<Noise>
			<MainMix>0.427313</MainMix>
			<Mix12>0.4096919894</Mix12>
			<Mix34>0.4052860141</Mix34>
			<Tiling>0.5246636868</Tiling>
			<Tiling12>0.2735426128</Tiling12>
			<Tiling34>0.3901345432</Tiling34>
			<Transition>0.2334801704</Transition>
		</Noise>
		<Texture>
			<Tex00>data/gfx/landscape/textures/rock/rock_04.png</Tex00>
			<Tex01>data/gfx/landscape/textures/rock/rock_02.png</Tex01>
			<Tex02>data/gfx/landscape/textures/rock/rock_07.png</Tex02>
			<Tex03>data/gfx/landscape/textures/rock/rock_trailer01.png</Tex03>
			<Tiling>0.4634149969</Tiling>
		</Texture>
	</Layer00>
	<Layer01>
		<Start>1</Start>
		<End>1.100000024</End>
		<Transition>0.009999999776</Transition>
		<Perturbation>0.1000000015</Perturbation>
		<Tiling>8</Tiling>
		<Noise>
			<MainMix>0.3832600117</MainMix>
			<Mix12>0.3656390011</Mix12>
			<Mix34>0.3215860128</Mix34>
			<Tiling>0.1434980035</Tiling>
			<Tiling12>0.09417039901</Tiling12>
			<Tiling34>0.08071749657</Tiling34>
			<Transition>0.1189429983</Transition>
		</Noise>
		<Texture>
			<Tex00>data/gfx/landscape/textures/ground/sand_blue_01.png</Tex00>
			<Tex01>data/gfx/landscape/textures/ground/sand_blue_01.png</Tex01>
			<Tex02>data/gfx/landscape/textures/ground/sand_blue_01.png</Tex02>
			<Tex03>data/gfx/landscape/textures/ground/sand_blue_01.png</Tex03>
			<Tiling>0.03414630145</Tiling>
		</Texture>
	</Layer01>
	<Layer02>
		<Start>0.009661835618</Start>
		<End>1</End>
		<Transition>0.008105784655</Transition>
		<Perturbation>0.009661840275</Perturbation>
		<Tiling>0</Tiling>
		<Noise>
			<MainMix>0.3876650035</MainMix>
			<Mix12>0.37885499</Mix12>
			<Mix34>0.3656390011</Mix34>
			<Tiling>0.08968610317</Tiling>
			<Tiling12>0.1210760027</Tiling12>
			<Tiling34>0.09417039901</Tiling34>
			<Transition>0.3303959966</Transition>
		</Noise>
		<Texture>
			<Tex00>data/gfx/landscape/textures/ground/ground_01.png</Tex00>
			<Tex01>data/gfx/landscape/textures/ground/ground_02.png</Tex01>
			<Tex02>data/gfx/landscape/textures/ground/ground_03.png</Tex02>
			<Tex03>data/gfx/landscape/textures/ground/ground_04.png</Tex03>
			<Tiling>0.01951219514</Tiling>
		</Texture>
	</Layer02>
	<Layer03>
		<Start>0.04004891217</Start>
		<End>1</End>
		<Transition>0.02253844775</Transition>
		<Perturbation>0</Perturbation>
		<Tiling>0.4009661973</Tiling>
		<Noise>
			<MainMix>0.4801762104</MainMix>
			<Mix12>0.4889867902</Mix12>
			<Mix34>0.4757709205</Mix34>
			<Tiling>0.1121076196</Tiling>
			<Tiling12>0.03139013425</Tiling12>
			<Tiling34>0.06278026849</Tiling34>
			<Transition>0.3788546324</Transition>
		</Noise>
		<Texture>
			<Tex00>data/gfx/landscape/textures/ground/grass_01.png</Tex00>
			<Tex01>data/gfx/landscape/textures/ground/grass_02.png</Tex01>
			<Tex02>data/gfx/landscape/textures/ground/ground_09.png</Tex02>
			<Tex03>data/gfx/landscape/textures/ground/grass_03.png</Tex03>
			<Tiling>0.01951220073</Tiling>
		</Texture>
	</Layer03>
	<Layer04>
		<Start>0.1256038696</Start>
		<End>1.100000024</End>
		<Transition>0.2222222239</Transition>
		<Perturbation>0.07729468495</Perturbation>
		<Tiling>0.4251207709</Tiling>
		<Noise>
			<MainMix>0.5</MainMix>
			<Mix12>0.5</Mix12>
			<Mix34>0.5</Mix34>
			<Tiling>0.5</Tiling>
			<Tiling12>0.5</Tiling12>
			<Tiling34>0.5</Tiling34>
			<Transition>0.1000000015</Transition>
		</Noise>
		<Texture>
			<Tex00>data/gfx/landscape/textures/ground/snow_01.png</Tex00>
			<Tex01>data/gfx/landscape/textures/ground/snow_02.png</Tex01>
			<Tex02>data/gfx/landscape/textures/ground/snow_03.png</Tex02>
			<Tex03>data/gfx/landscape/textures/ground/snow_04.png</Tex03>
			<Tiling>0.02439024299</Tiling>
		</Texture>
	</Layer04>
</Material>