<?xml version="1.0" encoding="Windows-1252"?>

<Material>
	<Detail>
		<0>
			<Path>data\gfx\landscape\textures\ground\detail_ground_01.png</Path>
			<FarTiling>0.0533333011</FarTiling>
			<NearTiling>0.4711109996</NearTiling>
		</0>
		<1>
			<Path>data\gfx\landscape\textures\ground\detail_grass_01.png</Path>
			<FarTiling>0.04888889939</FarTiling>
			<NearTiling>0.4622220099</NearTiling>
		</1>
		<2>
			<Path>data\gfx\landscape\textures\ground\detail_snow_01.png</Path>
			<FarTiling>0.05777779967</FarTiling>
			<NearTiling>0.4222219884</NearTiling>
		</2>
		<3>
			<Path>Data/Gfx/Landscape/Textures/DefaultDetail.png</Path>
			<FarTiling>0.5</FarTiling>
			<NearTiling>0.5</NearTiling>
		</3>
		<FarDistance>3.317970037</FarDistance>
		<NearDistance>0.07370000333</NearDistance>
	</Detail>
	<Rock>
		<RockSlope>0.125</RockSlope>
		<RockSlopeBlending>0.2544640005</RockSlopeBlending>
	</Rock>
	<Layer00>
		<Start>1</Start>
		<End>1.100000024</End>
		<Transition>0.009999999776</Transition>
		<Perturbation>0.1000000015</Perturbation>
		<Tiling>8</Tiling>
		<Noise>
			<MainMix>0.5066080093</MainMix>
			<Mix12>0.5066080093</Mix12>
			<Mix34>0.5066080093</Mix34>
			<Tiling>0.4753363132</Tiling>
			<Tiling12>0.2331838608</Tiling12>
			<Tiling34>0.3049327433</Tiling34>
			<Transition>0.06607929617</Transition>
		</Noise>
		<Texture>
			<Tex00>data/gfx/landscape/textures/rock/rock_trailer01.png</Tex00>
			<Tex01>data/gfx/landscape/textures/rock/rock_trailer02.png</Tex01>
			<Tex02>data/gfx/landscape/textures/rock/rock_trailer03.png</Tex02>
			<Tex03>data/gfx/landscape/textures/rock/rock_trailer04.png</Tex03>
			<Tiling>0.2682929933</Tiling>
		</Texture>
	</Layer00>
	<Layer01>
		<Start>1</Start>
		<End>1.100000024</End>
		<Transition>0.009999999776</Transition>
		<Perturbation>0.1000000015</Perturbation>
		<Tiling>8</Tiling>
		<Noise>
			<MainMix>0.4889867902</MainMix>
			<Mix12>0.4889867902</Mix12>
			<Mix34>0.49779737</Mix34>
			<Tiling>0.01793722063</Tiling>
			<Tiling12>0.09417039901</Tiling12>
			<Tiling34>0.08071749657</Tiling34>
			<Transition>0.1189429983</Transition>
		</Noise>
		<Texture>
			<Tex00>data\gfx\landscape\textures\ground\ground_01.png</Tex00>
			<Tex01>data\gfx\landscape\textures\ground\ground_02.png</Tex01>
			<Tex02>data\gfx\landscape\textures\ground\ground_03.png</Tex02>
			<Tex03>data/gfx/landscape/textures/ground/ground_09.png</Tex03>
			<Tiling>0.03414630145</Tiling>
		</Texture>
	</Layer01>
	<Layer02>
		<Start>0.06445860118</Start>
		<End>1</End>
		<Transition>0.02898550779</Transition>
		<Perturbation>0</Perturbation>
		<Tiling>0.3333329856</Tiling>
		<Noise>
			<MainMix>0.3876650035</MainMix>
			<Mix12>0.4140969217</Mix12>
			<Mix34>0.1762114465</Mix34>
			<Tiling>0.04035869986</Tiling>
			<Tiling12>0.05829599872</Tiling12>
			<Tiling34>0.07623320073</Tiling34>
			<Transition>0.599118948</Transition>
		</Noise>
		<Texture>
			<Tex00>data\gfx\landscape\textures\ground\grass_01.png</Tex00>
			<Tex01>data/gfx/landscape/textures/ground/grass_02.png</Tex01>
			<Tex02>data/gfx/landscape/textures/ground/grass_03.png</Tex02>
			<Tex03>data/gfx/landscape/textures/ground/ground_09.png</Tex03>
			<Tiling>0.02926830016</Tiling>
		</Texture>
	</Layer02>
	<Layer03>
		<Start>0.1835748851</Start>
		<End>1</End>
		<Transition>0.2173909992</Transition>
		<Perturbation>0.07729468495</Perturbation>
		<Tiling>0.4637681246</Tiling>
		<Noise>
			<MainMix>0.3876650035</MainMix>
			<Mix12>0.3568280041</Mix12>
			<Mix34>0.3171809912</Mix34>
			<Tiling>0.1345289946</Tiling>
			<Tiling12>0.2331839949</Tiling12>
			<Tiling34>0.1569509953</Tiling34>
			<Transition>0.1365640014</Transition>
		</Noise>
		<Texture>
			<Tex00>data/gfx/landscape/textures/ground/snow_01.png</Tex00>
			<Tex01>data/gfx/landscape/textures/ground/snow_02.png</Tex01>
			<Tex02>data/gfx/landscape/textures/ground/snow_03.png</Tex02>
			<Tex03>data/gfx/landscape/textures/ground/snow_04.png</Tex03>
			<Tiling>0.01951220073</Tiling>
		</Texture>
	</Layer03>
	<Layer04>
		<Start>0</Start>
		<End>0.05314009637</End>
		<Transition>0.01473430078</Transition>
		<Perturbation>0.1000000015</Perturbation>
		<Tiling>8</Tiling>
		<Noise>
			<MainMix>0.5</MainMix>
			<Mix12>0.5</Mix12>
			<Mix34>0.5</Mix34>
			<Tiling>0.5</Tiling>
			<Tiling12>0.5</Tiling12>
			<Tiling34>0.5</Tiling34>
			<Transition>0.1000000015</Transition>
		</Noise>
		<Texture>
			<Tex00>data/gfx/landscape/textures/ground/sand_blue_03.png</Tex00>
			<Tex01>data/gfx/landscape/textures/ground/sand_blue_03.png</Tex01>
			<Tex02>data/gfx/landscape/textures/ground/sand_blue_03.png</Tex02>
			<Tex03>data/gfx/landscape/textures/ground/sand_blue_03.png</Tex03>
			<Tiling>0.08780487627</Tiling>
		</Texture>
	</Layer04>
</Material>