<?xml version="1.0" encoding="Windows-1252"?>

<Material>
	<Detail>
		<0>
			<Path>data\gfx\landscape\textures\ground\detail_ground_01.png</Path>
			<FarTiling>0.0533333011</FarTiling>
			<NearTiling>0.4711109996</NearTiling>
		</0>
		<1>
			<Path>data\gfx\landscape\textures\ground\detail_grass_01.png</Path>
			<FarTiling>0.04888889939</FarTiling>
			<NearTiling>0.4622220099</NearTiling>
		</1>
		<2>
			<Path>data\gfx\landscape\textures\ground\detail_snow_01.png</Path>
			<FarTiling>0.05777779967</FarTiling>
			<NearTiling>0.4222219884</NearTiling>
		</2>
		<3>
			<Path>Data/Gfx/Landscape/Textures/DefaultDetail.png</Path>
			<FarTiling>0.5</FarTiling>
			<NearTiling>0.5</NearTiling>
		</3>
		<FarDistance>3.317970037</FarDistance>
		<NearDistance>0.07370000333</NearDistance>
	</Detail>
	<Rock>
		<RockSlope>0.0535714291</RockSlope>
		<RockSlopeBlending>0.2544640005</RockSlopeBlending>
	</Rock>
	<Layer00>
		<Start>1</Start>
		<End>1.100000024</End>
		<Transition>0.009999999776</Transition>
		<Perturbation>0.1000000015</Perturbation>
		<Tiling>8</Tiling>
		<Noise>
			<MainMix>0.5066080093</MainMix>
			<Mix12>0.5066080093</Mix12>
			<Mix34>0.5066080093</Mix34>
			<Tiling>0.3542599976</Tiling>
			<Tiling12>0.1031389982</Tiling12>
			<Tiling34>0.1659190059</Tiling34>
			<Transition>0.04405289888</Transition>
		</Noise>
		<Texture>
			<Tex00>data/gfx/landscape/textures/rock/rock_trailer01.png</Tex00>
			<Tex01>data/gfx/landscape/textures/rock/rock_trailer02.png</Tex01>
			<Tex02>data/gfx/landscape/textures/rock/rock_trailer03.png</Tex02>
			<Tex03>data/gfx/landscape/textures/rock/rock_trailer04.png</Tex03>
			<Tiling>0.1902438998</Tiling>
		</Texture>
	</Layer00>
	<Layer01>
		<Start>1</Start>
		<End>1.100000024</End>
		<Transition>0.009999999776</Transition>
		<Perturbation>0.1000000015</Perturbation>
		<Tiling>8</Tiling>
		<Noise>
			<MainMix>0.3832600117</MainMix>
			<Mix12>0.3656390011</Mix12>
			<Mix34>0.3215860128</Mix34>
			<Tiling>0.1434980035</Tiling>
			<Tiling12>0.09417039901</Tiling12>
			<Tiling34>0.08071749657</Tiling34>
			<Transition>0.1189429983</Transition>
		</Noise>
		<Texture>
			<Tex00>data\gfx\landscape\textures\ground\ground_01.png</Tex00>
			<Tex01>data\gfx\landscape\textures\ground\ground_02.png</Tex01>
			<Tex02>data\gfx\landscape\textures\ground\ground_03.png</Tex02>
			<Tex03>data\gfx\landscape\textures\ground\ground_04.png</Tex03>
			<Tiling>0.03414630145</Tiling>
		</Texture>
	</Layer01>
	<Layer02>
		<Start>0</Start>
		<End>1</End>
		<Transition>0</Transition>
		<Perturbation>0</Perturbation>
		<Tiling>0.3333329856</Tiling>
		<Noise>
			<MainMix>0.4669603407</MainMix>
			<Mix12>0.4845815003</Mix12>
			<Mix34>0.4845815003</Mix34>
			<Tiling>0.07174888253</Tiling>
			<Tiling12>0</Tiling12>
			<Tiling34>0.04484304786</Tiling34>
			<Transition>0.251101315</Transition>
		</Noise>
		<Texture>
			<Tex00>data\gfx\landscape\textures\ground\grass_01.png</Tex00>
			<Tex01>data/gfx/landscape/textures/ground/ground_01.png</Tex01>
			<Tex02>data\gfx\landscape\textures\ground\grass_03.png</Tex02>
			<Tex03>data\gfx\landscape\textures\ground\grass_04.png</Tex03>
			<Tiling>0.01951219514</Tiling>
		</Texture>
	</Layer02>
	<Layer03>
		<Start>0.05797101557</Start>
		<End>1</End>
		<Transition>0.1884057969</Transition>
		<Perturbation>0.02415458858</Perturbation>
		<Tiling>0.1739130467</Tiling>
		<Noise>
			<MainMix>0.3876650035</MainMix>
			<Mix12>0.3568280041</Mix12>
			<Mix34>0.3171809912</Mix34>
			<Tiling>0.1345289946</Tiling>
			<Tiling12>0.2331839949</Tiling12>
			<Tiling34>0.1569509953</Tiling34>
			<Transition>0.1365640014</Transition>
		</Noise>
		<Texture>
			<Tex00>data/gfx/landscape/textures/ground/snow_01.png</Tex00>
			<Tex01>data/gfx/landscape/textures/ground/snow_02.png</Tex01>
			<Tex02>data/gfx/landscape/textures/ground/snow_03.png</Tex02>
			<Tex03>data/gfx/landscape/textures/ground/snow_04.png</Tex03>
			<Tiling>0.01951220073</Tiling>
		</Texture>
	</Layer03>
	<Layer04>
		<Start>1</Start>
		<End>1.100000024</End>
		<Transition>0.009999999776</Transition>
		<Perturbation>0.1000000015</Perturbation>
		<Tiling>8</Tiling>
		<Noise>
			<MainMix>0.5</MainMix>
			<Mix12>0.5</Mix12>
			<Mix34>0.5</Mix34>
			<Tiling>0.5</Tiling>
			<Tiling12>0.5</Tiling12>
			<Tiling34>0.5</Tiling34>
			<Transition>0.1000000015</Transition>
		</Noise>
		<Texture>
			<Tex00>Data/Gfx/Landscape/Textures/DefaultTexture.png</Tex00>
			<Tex01>Data/Gfx/Landscape/Textures/DefaultTexture.png</Tex01>
			<Tex02>Data/Gfx/Landscape/Textures/DefaultTexture.png</Tex02>
			<Tex03>Data/Gfx/Landscape/Textures/DefaultTexture.png</Tex03>
			<Tiling>0.5</Tiling>
		</Texture>
	</Layer04>
</Material>