<?xml version="1.0" encoding="Windows-1252"?>

<Material>
	<Detail>
		<0>
			<Path>data/gfx/landscape/textures/ground/detail_ground_01.png</Path>
			<FarTiling>0.03555560112</FarTiling>
			<NearTiling>0.4711109996</NearTiling>
		</0>
		<1>
			<Path>data/gfx/landscape/textures/ground/detail_sand_01.png</Path>
			<FarTiling>0.04888889939</FarTiling>
			<NearTiling>0.4622220099</NearTiling>
		</1>
		<2>
			<Path>data/gfx/landscape/textures/ground/detail_grass_01.png</Path>
			<FarTiling>0.05777779967</FarTiling>
			<NearTiling>0.4222219884</NearTiling>
		</2>
		<3>
			<Path>data\gfx\landscape\textures\ground\detail_sand_01.png</Path>
			<FarTiling>0.04444440082</FarTiling>
			<NearTiling>0.400000006</NearTiling>
		</3>
		<FarDistance>3.317970037</FarDistance>
		<NearDistance>0.07370000333</NearDistance>
	</Detail>
	<Rock>
		<RockSlope>0.21875</RockSlope>
		<RockSlopeBlending>0.2991071343</RockSlopeBlending>
	</Rock>
	<Layer00>
		<Start>1</Start>
		<End>1.100000024</End>
		<Transition>0.009999999776</Transition>
		<Perturbation>0.1000000015</Perturbation>
		<Tiling>8</Tiling>
		<Noise>
			<MainMix>0.5198237896</MainMix>
			<Mix12>0.49779737</Mix12>
			<Mix34>0.5110132098</Mix34>
			<Tiling>0.2466367781</Tiling>
			<Tiling12>0.1838565022</Tiling12>
			<Tiling34>0.1614349782</Tiling34>
			<Transition>0.0352422893</Transition>
		</Noise>
		<Texture>
			<Tex00>data\gfx\landscape\textures\rock\rock_03.png</Tex00>
			<Tex01>data\gfx\landscape\textures\rock\rock_08.png</Tex01>
			<Tex02>data\gfx\landscape\textures\rock\rock_07.png</Tex02>
			<Tex03>data\gfx\landscape\textures\rock\rock_05.png</Tex03>
			<Tiling>0.2390243858</Tiling>
		</Texture>
	</Layer00>
	<Layer01>
		<Start>1</Start>
		<End>1.100000024</End>
		<Transition>0.009999999776</Transition>
		<Perturbation>0.1000000015</Perturbation>
		<Tiling>8</Tiling>
		<Noise>
			<MainMix>0.3832600117</MainMix>
			<Mix12>0.3656390011</Mix12>
			<Mix34>0</Mix34>
			<Tiling>0.1434980035</Tiling>
			<Tiling12>0.09417039901</Tiling12>
			<Tiling34>0.08071749657</Tiling34>
			<Transition>0.4845815003</Transition>
		</Noise>
		<Texture>
			<Tex00>data/gfx/landscape/textures/ground/sand_blue_01.png</Tex00>
			<Tex01>data/gfx/landscape/textures/ground/sand_blue_01.png</Tex01>
			<Tex02>data/gfx/landscape/textures/ground/sand_blue_01.png</Tex02>
			<Tex03>data/gfx/landscape/textures/ground/sand_blue_01.png</Tex03>
			<Tiling>0.02926829271</Tiling>
		</Texture>
	</Layer01>
	<Layer02>
		<Start>0.02303840406</Start>
		<End>1</End>
		<Transition>0.08695652336</Transition>
		<Perturbation>0</Perturbation>
		<Tiling>0.1642512083</Tiling>
		<Noise>
			<MainMix>0.4713656306</MainMix>
			<Mix12>0.4889867902</Mix12>
			<Mix34>0.4757710099</Mix34>
			<Tiling>0.1883408129</Tiling>
			<Tiling12>0.05829599872</Tiling12>
			<Tiling34>0.1345291436</Tiling34>
			<Transition>0.2202643156</Transition>
		</Noise>
		<Texture>
			<Tex00>data/gfx/landscape/textures/ground/sand_01.png</Tex00>
			<Tex01>data/gfx/landscape/textures/ground/sand_02.png</Tex01>
			<Tex02>data/gfx/landscape/textures/ground/sand_03.png</Tex02>
			<Tex03>data/gfx/landscape/textures/ground/sand_04.png</Tex03>
			<Tiling>0.01951220073</Tiling>
		</Texture>
	</Layer02>
	<Layer03>
		<Start>0.03014552593</Start>
		<End>1</End>
		<Transition>0.02898550779</Transition>
		<Perturbation>0</Perturbation>
		<Tiling>0.1690821201</Tiling>
		<Noise>
			<MainMix>0.5330396295</MainMix>
			<Mix12>0.4669603407</Mix12>
			<Mix34>0.4933920801</Mix34>
			<Tiling>0.2690582871</Tiling>
			<Tiling12>0.04484304786</Tiling12>
			<Tiling34>0.08968609571</Tiling34>
			<Transition>0.4801762104</Transition>
		</Noise>
		<Texture>
			<Tex00>data/gfx/landscape/textures/ground/grass_01.png</Tex00>
			<Tex01>data/gfx/landscape/textures/ground/ground_09.png</Tex01>
			<Tex02>data/gfx/landscape/textures/ground/grass_03.png</Tex02>
			<Tex03>data/gfx/landscape/textures/ground/grass_06.png</Tex03>
			<Tiling>0.01951220073</Tiling>
		</Texture>
	</Layer03>
	<Layer04>
		<Start>1</Start>
		<End>1</End>
		<Transition>0.48309201</Transition>
		<Perturbation>0.02415459976</Perturbation>
		<Tiling>0.5652170181</Tiling>
		<Noise>
			<MainMix>0.3832600117</MainMix>
			<Mix12>0.3656390011</Mix12>
			<Mix34>0.3348020017</Mix34>
			<Tiling>0.04035869986</Tiling>
			<Tiling12>0.05381169915</Tiling12>
			<Tiling34>0.03587440029</Tiling34>
			<Transition>0.1453740001</Transition>
		</Noise>
		<Texture>
			<Tex00>data\gfx\landscape\textures\ground\sand_blue_01.png</Tex00>
			<Tex01>data/gfx/landscape/textures/ground/sand_blue_01.png</Tex01>
			<Tex02>data\gfx\landscape\textures\ground\sand_blue_01.png</Tex02>
			<Tex03>data/gfx/landscape/textures/ground/sand_blue_01.png</Tex03>
			<Tiling>0.04390240088</Tiling>
		</Texture>
	</Layer04>
</Material>