<?xml version="1.0" encoding="Windows-1252"?>

<Material>
	<Detail>
		<0>
			<Path>data\gfx\landscape\textures\ground\detail_ground_01.png</Path>
			<FarTiling>0.0533333011</FarTiling>
			<NearTiling>0.4711109996</NearTiling>
		</0>
		<1>
			<Path>data/gfx/landscape/textures/ground/detail_ground_01.png</Path>
			<FarTiling>0.04888889939</FarTiling>
			<NearTiling>0.4622220099</NearTiling>
		</1>
		<2>
			<Path>data/gfx/landscape/textures/ground/detail_grass_01.png</Path>
			<FarTiling>0.05777779967</FarTiling>
			<NearTiling>0.4222219884</NearTiling>
		</2>
		<3>
			<Path>Data/Gfx/Landscape/Textures/DefaultDetail.png</Path>
			<FarTiling>0.5</FarTiling>
			<NearTiling>0.5</NearTiling>
		</3>
		<FarDistance>3.317970037</FarDistance>
		<NearDistance>0.07370000333</NearDistance>
	</Detail>
	<Rock>
		<RockSlope>0.02678571455</RockSlope>
		<RockSlopeBlending>0.171875</RockSlopeBlending>
	</Rock>
	<Layer00>
		<Start>1</Start>
		<End>1.100000024</End>
		<Transition>0.009999999776</Transition>
		<Perturbation>0.1000000015</Perturbation>
		<Tiling>8</Tiling>
		<Noise>
			<MainMix>0.4845815003</MainMix>
			<Mix12>0.4933920801</Mix12>
			<Mix34>0.4845815003</Mix34>
			<Tiling>0.165919289</Tiling>
			<Tiling12>0.03587444127</Tiling12>
			<Tiling34>0.09417040646</Tiling34>
			<Transition>0.1409691572</Transition>
		</Noise>
		<Texture>
			<Tex00>data\gfx\landscape\textures\rock\rock_03.png</Tex00>
			<Tex01>data\gfx\landscape\textures\rock\rock_08.png</Tex01>
			<Tex02>data\gfx\landscape\textures\rock\rock_07.png</Tex02>
			<Tex03>data\gfx\landscape\textures\rock\rock_05.png</Tex03>
			<Tiling>0.2634146214</Tiling>
		</Texture>
	</Layer00>
	<Layer01>
		<Start>1</Start>
		<End>1.100000024</End>
		<Transition>0.009999999776</Transition>
		<Perturbation>0.1000000015</Perturbation>
		<Tiling>8</Tiling>
		<Noise>
			<MainMix>0.3832600117</MainMix>
			<Mix12>0.3656390011</Mix12>
			<Mix34>0.3215860128</Mix34>
			<Tiling>0.1434980035</Tiling>
			<Tiling12>0.09417039901</Tiling12>
			<Tiling34>0.08071749657</Tiling34>
			<Transition>0.1189429983</Transition>
		</Noise>
		<Texture>
			<Tex00>data/gfx/landscape/textures/ground/sand_blue_01.png</Tex00>
			<Tex01>data/gfx/landscape/textures/ground/sand_blue_01.png</Tex01>
			<Tex02>data/gfx/landscape/textures/ground/sand_blue_01.png</Tex02>
			<Tex03>data/gfx/landscape/textures/ground/sand_blue_01.png</Tex03>
			<Tiling>0.02926829271</Tiling>
		</Texture>
	</Layer01>
	<Layer02>
		<Start>0.01043106429</Start>
		<End>1</End>
		<Transition>0.01681250893</Transition>
		<Perturbation>0</Perturbation>
		<Tiling>0</Tiling>
		<Noise>
			<MainMix>0.4713656306</MainMix>
			<Mix12>0.49779737</Mix12>
			<Mix34>0.4845815003</Mix34>
			<Tiling>0.09417040646</Tiling>
			<Tiling12>0</Tiling12>
			<Tiling34>0.04932735488</Tiling34>
			<Transition>0.2246696055</Transition>
		</Noise>
		<Texture>
			<Tex00>data/gfx/landscape/textures/ground/ground_01.png</Tex00>
			<Tex01>data/gfx/landscape/textures/ground/ground_09.png</Tex01>
			<Tex02>data/gfx/landscape/textures/ground/ground_02.png</Tex02>
			<Tex03>data/gfx/landscape/textures/ground/ground_09.png</Tex03>
			<Tiling>0.02439024299</Tiling>
		</Texture>
	</Layer02>
	<Layer03>
		<Start>0.008921019733</Start>
		<End>1</End>
		<Transition>0.001401569578</Transition>
		<Perturbation>0</Perturbation>
		<Tiling>0.1207729504</Tiling>
		<Noise>
			<MainMix>0.3215858936</MainMix>
			<Mix12>0.3612334728</Mix12>
			<Mix34>0.3920704722</Mix34>
			<Tiling>0</Tiling>
			<Tiling12>0.07623318583</Tiling12>
			<Tiling34>0.04035874456</Tiling34>
			<Transition>0.2863436043</Transition>
		</Noise>
		<Texture>
			<Tex00>data/gfx/landscape/textures/ground/grass_01.png</Tex00>
			<Tex01>data/gfx/landscape/textures/ground/grass_02.png</Tex01>
			<Tex02>data/gfx/landscape/textures/ground/grass_03.png</Tex02>
			<Tex03>data/gfx/landscape/textures/ground/grass_04.png</Tex03>
			<Tiling>0.01951220073</Tiling>
		</Texture>
	</Layer03>
	<Layer04>
		<Start>0.1449275315</Start>
		<End>1.100000024</End>
		<Transition>0.5169082284</Transition>
		<Perturbation>0.1111111119</Perturbation>
		<Tiling>0.1111111119</Tiling>
		<Noise>
			<MainMix>0.3920704722</MainMix>
			<Mix12>0.4449339211</Mix12>
			<Mix34>0.2378854603</Mix34>
			<Tiling>0.06726457179</Tiling>
			<Tiling12>0</Tiling12>
			<Tiling34>0.07174888253</Tiling34>
			<Transition>0.1718061715</Transition>
		</Noise>
		<Texture>
			<Tex00>Data/Gfx/Landscape/Textures/DefaultTexture.png</Tex00>
			<Tex01>data/gfx/landscape/textures/ground/ground_09.png</Tex01>
			<Tex02>data/gfx/landscape/textures/ground/ground_01.png</Tex02>
			<Tex03>data/gfx/landscape/textures/ground/grass_04.png</Tex03>
			<Tiling>0.01951219514</Tiling>
		</Texture>
	</Layer04>
</Material>