<?xml version="1.0" encoding="Windows-1252"?>

<Material>
	<Detail>
		<0>
			<Path>data\gfx\landscape\textures\ground\detail_ground_01.png</Path>
			<FarTiling>0.0533333011</FarTiling>
			<NearTiling>0.4711109996</NearTiling>
		</0>
		<1>
			<Path>data\gfx\landscape\textures\ground\detail_grass_01.png</Path>
			<FarTiling>0.04888889939</FarTiling>
			<NearTiling>0.4622220099</NearTiling>
		</1>
		<2>
			<Path>data/gfx/landscape/textures/ground/detail_grass_01.png</Path>
			<FarTiling>0.04888888821</FarTiling>
			<NearTiling>0.4222219884</NearTiling>
		</2>
		<3>
			<Path>Data/Gfx/Landscape/Textures/DefaultDetail.png</Path>
			<FarTiling>0.6133333445</FarTiling>
			<NearTiling>0.5</NearTiling>
		</3>
		<FarDistance>3.317970037</FarDistance>
		<NearDistance>0.07370000333</NearDistance>
	</Detail>
	<Rock>
		<RockSlope>0.6205360293</RockSlope>
		<RockSlopeBlending>0.2544640005</RockSlopeBlending>
	</Rock>
	<Layer00>
		<Start>1</Start>
		<End>1.100000024</End>
		<Transition>0.009999999776</Transition>
		<Perturbation>0.1000000015</Perturbation>
		<Tiling>8</Tiling>
		<Noise>
			<MainMix>0.427313</MainMix>
			<Mix12>0.4096919894</Mix12>
			<Mix34>0.4052860141</Mix34>
			<Tiling>0.2690579891</Tiling>
			<Tiling12>0.4394620061</Tiling12>
			<Tiling34>0.3721970022</Tiling34>
			<Transition>0.1277530044</Transition>
		</Noise>
		<Texture>
			<Tex00>data\gfx\landscape\textures\rock\rock_03.png</Tex00>
			<Tex01>data\gfx\landscape\textures\rock\rock_08.png</Tex01>
			<Tex02>data\gfx\landscape\textures\rock\rock_07.png</Tex02>
			<Tex03>data\gfx\landscape\textures\rock\rock_05.png</Tex03>
			<Tiling>0.1853658557</Tiling>
		</Texture>
	</Layer00>
	<Layer01>
		<Start>1</Start>
		<End>1.100000024</End>
		<Transition>0.009999999776</Transition>
		<Perturbation>0.1000000015</Perturbation>
		<Tiling>8</Tiling>
		<Noise>
			<MainMix>0.5242290497</MainMix>
			<Mix12>0.1894273162</Mix12>
			<Mix34>0.3612334728</Mix34>
			<Tiling>0.1434980035</Tiling>
			<Tiling12>0.09417039901</Tiling12>
			<Tiling34>0.08071749657</Tiling34>
			<Transition>0.2202643156</Transition>
		</Noise>
		<Texture>
			<Tex00>data/gfx/landscape/textures/ground/sand_blue_01.png</Tex00>
			<Tex01>data/gfx/landscape/textures/ground/sand_blue_01.png</Tex01>
			<Tex02>data/gfx/landscape/textures/ground/sand_blue_02.png</Tex02>
			<Tex03>data/gfx/landscape/textures/ground/sand_blue_01.png</Tex03>
			<Tiling>0.03414630145</Tiling>
		</Texture>
	</Layer01>
	<Layer02>
		<Start>0.6425120831</Start>
		<End>1</End>
		<Transition>0.08695652336</Transition>
		<Perturbation>0</Perturbation>
		<Tiling>0.7632850409</Tiling>
		<Noise>
			<MainMix>0.3876650035</MainMix>
			<Mix12>0.3524230123</Mix12>
			<Mix34>0.3171809912</Mix34>
			<Tiling>0.2690582871</Tiling>
			<Tiling12>0.4753363132</Tiling12>
			<Tiling34>0.4843049347</Tiling34>
			<Transition>0.1189429983</Transition>
		</Noise>
		<Texture>
			<Tex00>data/gfx/landscape/textures/ground/ground_01.png</Tex00>
			<Tex01>data/gfx/landscape/textures/ground/ground_01.png</Tex01>
			<Tex02>data/gfx/landscape/textures/ground/ground_02.png</Tex02>
			<Tex03>data\gfx\landscape\textures\ground\grass_04.png</Tex03>
			<Tiling>0.04390240088</Tiling>
		</Texture>
	</Layer02>
	<Layer03>
		<Start>0.7294685841</Start>
		<End>1</End>
		<Transition>0.04347826168</Transition>
		<Perturbation>0.004830917809</Perturbation>
		<Tiling>0.4734299481</Tiling>
		<Noise>
			<MainMix>0.2907488942</MainMix>
			<Mix12>0.5462555289</Mix12>
			<Mix34>0.5198237896</Mix34>
			<Tiling>0.1121076196</Tiling>
			<Tiling12>0.1121076196</Tiling12>
			<Tiling34>0.354260087</Tiling34>
			<Transition>0.2070484608</Transition>
		</Noise>
		<Texture>
			<Tex00>data/gfx/landscape/textures/ground/grass_03.png</Tex00>
			<Tex01>data/gfx/landscape/textures/ground/grass_02.png</Tex01>
			<Tex02>data/gfx/landscape/textures/ground/grass_03.png</Tex02>
			<Tex03>data/gfx/landscape/textures/ground/grass_02.png</Tex03>
			<Tiling>0.03902439028</Tiling>
		</Texture>
	</Layer03>
	<Layer04>
		<Start>0.8019323945</Start>
		<End>1</End>
		<Transition>0.07729468495</Transition>
		<Perturbation>0.02415458858</Perturbation>
		<Tiling>0.5942028761</Tiling>
		<Noise>
			<MainMix>0.2555066049</MainMix>
			<Mix12>0.4096916318</Mix12>
			<Mix34>0.3039647639</Mix34>
			<Tiling>0.4484304786</Tiling>
			<Tiling12>0.1883408129</Tiling12>
			<Tiling34>0.3632287085</Tiling34>
			<Transition>0.09691630304</Transition>
		</Noise>
		<Texture>
			<Tex00>data/gfx/landscape/textures/ground/grass_04.png</Tex00>
			<Tex01>data/gfx/landscape/textures/ground/diffuse_minerai_01.png</Tex01>
			<Tex02>data/gfx/landscape/textures/ground/grass_05.png</Tex02>
			<Tex03>data/gfx/landscape/textures/ground/ground_03.png</Tex03>
			<Tiling>0.1268292665</Tiling>
		</Texture>
	</Layer04>
</Material>