<?xml version="1.0" encoding="Windows-1252"?>

<Material>
	<Detail>
		<0>
			<Path>data/gfx/landscape/textures/ground/detail_sand_02.png</Path>
			<FarTiling>0.0533333011</FarTiling>
			<NearTiling>0.4711109996</NearTiling>
		</0>
		<1>
			<Path>data/gfx/landscape/textures/ground/detail_ground_02.png</Path>
			<FarTiling>0.04888889939</FarTiling>
			<NearTiling>0.5288888812</NearTiling>
		</1>
		<2>
			<Path>data/gfx/landscape/textures/ground/detail_grass_01.png</Path>
			<FarTiling>0.05777779967</FarTiling>
			<NearTiling>0.4222219884</NearTiling>
		</2>
		<3>
			<Path>data/gfx/landscape/textures/ground/detail_ground_01.png</Path>
			<FarTiling>0.05333333462</FarTiling>
			<NearTiling>0.5</NearTiling>
		</3>
		<FarDistance>3.317970037</FarDistance>
		<NearDistance>0.07370000333</NearDistance>
	</Detail>
	<Rock>
		<RockSlope>0.758928597</RockSlope>
		<RockSlopeBlending>0.203125</RockSlopeBlending>
	</Rock>
	<Layer00>
		<Start>1</Start>
		<End>1.100000024</End>
		<Transition>0.009999999776</Transition>
		<Perturbation>0.1000000015</Perturbation>
		<Tiling>8</Tiling>
		<Noise>
			<MainMix>0.4757709205</MainMix>
			<Mix12>0.49779737</Mix12>
			<Mix34>0.4933920801</Mix34>
			<Tiling>0.2690579891</Tiling>
			<Tiling12>0.4394620061</Tiling12>
			<Tiling34>0.3721970022</Tiling34>
			<Transition>0.1277530044</Transition>
		</Noise>
		<Texture>
			<Tex00>data/gfx/landscape/textures/rock/rock_14.png</Tex00>
			<Tex01>data/gfx/landscape/textures/rock/rock_16.png</Tex01>
			<Tex02>data/gfx/landscape/textures/rock/rock_13.png</Tex02>
			<Tex03>data/gfx/landscape/textures/rock/rock_14.png</Tex03>
			<Tiling>0.1121951193</Tiling>
		</Texture>
	</Layer00>
	<Layer01>
		<Start>1</Start>
		<End>1.100000024</End>
		<Transition>0.009999999776</Transition>
		<Perturbation>0.1000000015</Perturbation>
		<Tiling>8</Tiling>
		<Noise>
			<MainMix>0.3832600117</MainMix>
			<Mix12>0.2511009872</Mix12>
			<Mix34>0.3215860128</Mix34>
			<Tiling>0.1434980035</Tiling>
			<Tiling12>0.09417039901</Tiling12>
			<Tiling34>0.08071749657</Tiling34>
			<Transition>0.3876650035</Transition>
		</Noise>
		<Texture>
			<Tex00>data/gfx/landscape/textures/ground/sand_04.png</Tex00>
			<Tex01>data\gfx\landscape\textures\ground\ground_05.png</Tex01>
			<Tex02>data\gfx\landscape\textures\ground\sand_01.png</Tex02>
			<Tex03>data\gfx\landscape\textures\ground\sand_02.png</Tex03>
			<Tiling>0.08292683214</Tiling>
		</Texture>
	</Layer01>
	<Layer02>
		<Start>0.05797101557</Start>
		<End>1</End>
		<Transition>0.06280193478</Transition>
		<Perturbation>0.03864734247</Perturbation>
		<Tiling>0</Tiling>
		<Noise>
			<MainMix>0.3876652122</MainMix>
			<Mix12>0.50220263</Mix12>
			<Mix34>0.2158590257</Mix34>
			<Tiling>0.1031390131</Tiling>
			<Tiling12>0.1076233163</Tiling12>
			<Tiling34>0.1031390131</Tiling34>
			<Transition>0.3392070532</Transition>
		</Noise>
		<Texture>
			<Tex00>data/gfx/landscape/textures/ground/ground_02.png</Tex00>
			<Tex01>data/gfx/landscape/textures/ground/ground_09.png</Tex01>
			<Tex02>data/gfx/landscape/textures/ground/ground_09.png</Tex02>
			<Tex03>data/gfx/landscape/textures/ground/ground_01.png</Tex03>
			<Tiling>0.01951219514</Tiling>
		</Texture>
	</Layer02>
	<Layer03>
		<Start>0.1159420311</Start>
		<End>1</End>
		<Transition>0.2222222239</Transition>
		<Perturbation>0.009661835618</Perturbation>
		<Tiling>0.410627991</Tiling>
		<Noise>
			<MainMix>0.3348017633</MainMix>
			<Mix12>0.550660789</Mix12>
			<Mix34>0.4096916318</Mix34>
			<Tiling>0.313901335</Tiling>
			<Tiling12>0.331838578</Tiling12>
			<Tiling34>0.05829596519</Tiling34>
			<Transition>0.2599118948</Transition>
		</Noise>
		<Texture>
			<Tex00>data/gfx/landscape/textures/ground/ground_02.png</Tex00>
			<Tex01>data/gfx/landscape/textures/ground/diffuse_minerai_01.png</Tex01>
			<Tex02>data\gfx\landscape\textures\ground\ground_03.png</Tex02>
			<Tex03>data\gfx\landscape\textures\ground\ground_04.png</Tex03>
			<Tiling>0.01951220073</Tiling>
		</Texture>
	</Layer03>
	<Layer04>
		<Start>0.1594202965</Start>
		<End>1.100000024</End>
		<Transition>0.2753623128</Transition>
		<Perturbation>0.02898550779</Perturbation>
		<Tiling>0.06280193478</Tiling>
		<Noise>
			<MainMix>0.4052863419</MainMix>
			<Mix12>0.4581497908</Mix12>
			<Mix34>0.4273127615</Mix34>
			<Tiling>0.1076233163</Tiling>
			<Tiling12>0.06278026849</Tiling12>
			<Tiling34>0.1345291436</Tiling34>
			<Transition>0.06167401001</Transition>
		</Noise>
		<Texture>
			<Tex00>data/gfx/landscape/textures/ground/ground_02.png</Tex00>
			<Tex01>data/gfx/landscape/textures/ground/carpet_minerais_01.png</Tex01>
			<Tex02>data/gfx/landscape/textures/ground/ground_03.png</Tex02>
			<Tex03>data/gfx/landscape/textures/ground/ground_01.png</Tex03>
			<Tiling>0</Tiling>
		</Texture>
	</Layer04>
</Material>