<?xml version="1.0" encoding="Windows-1252"?>

<Material>
	<Detail>
		<0>
			<Path>data\gfx\landscape\textures\ground\detail_ground_01.png</Path>
			<FarTiling>0.0533333011</FarTiling>
			<NearTiling>0.4711109996</NearTiling>
		</0>
		<1>
			<Path>data\gfx\landscape\textures\ground\detail_grass_01.png</Path>
			<FarTiling>0.04888889939</FarTiling>
			<NearTiling>0.4622220099</NearTiling>
		</1>
		<2>
			<Path>data/gfx/landscape/textures/ground/detail_grass_01.png</Path>
			<FarTiling>0.05777779967</FarTiling>
			<NearTiling>0.4222219884</NearTiling>
		</2>
		<3>
			<Path>Data/Gfx/Landscape/Textures/DefaultDetail.png</Path>
			<FarTiling>0.5</FarTiling>
			<NearTiling>0.5</NearTiling>
		</3>
		<FarDistance>3.317970037</FarDistance>
		<NearDistance>0.07370000333</NearDistance>
	</Detail>
	<Rock>
		<RockSlope>0.5</RockSlope>
		<RockSlopeBlending>0.2522321343</RockSlopeBlending>
	</Rock>
	<Layer00>
		<Start>1</Start>
		<End>1.100000024</End>
		<Transition>0.009999999776</Transition>
		<Perturbation>0.1000000015</Perturbation>
		<Tiling>8</Tiling>
		<Noise>
			<MainMix>0.4889867902</MainMix>
			<Mix12>0.4933920801</Mix12>
			<Mix34>0.4845815003</Mix34>
			<Tiling>0.3094170392</Tiling>
			<Tiling12>0.1569506675</Tiling12>
			<Tiling34>0.2421524674</Tiling34>
			<Transition>0.1409691572</Transition>
		</Noise>
		<Texture>
			<Tex00>data\gfx\landscape\textures\rock\rock_03.png</Tex00>
			<Tex01>data\gfx\landscape\textures\rock\rock_08.png</Tex01>
			<Tex02>data\gfx\landscape\textures\rock\rock_07.png</Tex02>
			<Tex03>data\gfx\landscape\textures\rock\rock_05.png</Tex03>
			<Tiling>0.2292682976</Tiling>
		</Texture>
	</Layer00>
	<Layer01>
		<Start>1</Start>
		<End>1.100000024</End>
		<Transition>0.009999999776</Transition>
		<Perturbation>0.1000000015</Perturbation>
		<Tiling>8</Tiling>
		<Noise>
			<MainMix>0.4537445009</MainMix>
			<Mix12>0.4801762104</Mix12>
			<Mix34>0.4713656306</Mix34>
			<Tiling>0.08071748912</Tiling>
			<Tiling12>0</Tiling12>
			<Tiling34>0.03587444127</Tiling34>
			<Transition>0.1189429983</Transition>
		</Noise>
		<Texture>
			<Tex00>data/gfx/landscape/textures/ground/sand_blue_01.png</Tex00>
			<Tex01>data/gfx/landscape/textures/ground/sand_blue_01.png</Tex01>
			<Tex02>data/gfx/landscape/textures/ground/sand_blue_01.png</Tex02>
			<Tex03>data/gfx/landscape/textures/ground/sand_blue_01.png</Tex03>
			<Tiling>0.03414630145</Tiling>
		</Texture>
	</Layer01>
	<Layer02>
		<Start>0.006009097211</Start>
		<End>1</End>
		<Transition>0.01616075821</Transition>
		<Perturbation>0</Perturbation>
		<Tiling>0</Tiling>
		<Noise>
			<MainMix>0.4801762104</MainMix>
			<Mix12>0.4845815003</Mix12>
			<Mix34>0.4933920801</Mix34>
			<Tiling>0.1076230034</Tiling>
			<Tiling12>0</Tiling12>
			<Tiling34>0.07174888253</Tiling34>
			<Transition>0.1189429983</Transition>
		</Noise>
		<Texture>
			<Tex00>data/gfx/landscape/textures/ground/ground_01.png</Tex00>
			<Tex01>data/gfx/landscape/textures/ground/ground_02.png</Tex01>
			<Tex02>data/gfx/landscape/textures/ground/ground_03.png</Tex02>
			<Tex03>data/gfx/landscape/textures/ground/ground_09.png</Tex03>
			<Tiling>0.04390240088</Tiling>
		</Texture>
	</Layer02>
	<Layer03>
		<Start>0.03320235014</Start>
		<End>1</End>
		<Transition>0.03536641598</Transition>
		<Perturbation>0</Perturbation>
		<Tiling>0.410627991</Tiling>
		<Noise>
			<MainMix>0.4096916318</MainMix>
			<Mix12>0.4889867902</Mix12>
			<Mix34>0.3964757621</Mix34>
			<Tiling>0.09417040646</Tiling>
			<Tiling12>0</Tiling12>
			<Tiling34>0.04484304786</Tiling34>
			<Transition>0.1894273162</Transition>
		</Noise>
		<Texture>
			<Tex00>data/gfx/landscape/textures/ground/grass_01.png</Tex00>
			<Tex01>data/gfx/landscape/textures/ground/grass_02.png</Tex01>
			<Tex02>data/gfx/landscape/textures/ground/grass_03.png</Tex02>
			<Tex03>data/gfx/landscape/textures/ground/grass_05.png</Tex03>
			<Tiling>0.01951220073</Tiling>
		</Texture>
	</Layer03>
	<Layer04>
		<Start>0.2172806561</Start>
		<End>1.100000024</End>
		<Transition>0.1256038696</Transition>
		<Perturbation>0.1000000015</Perturbation>
		<Tiling>0.1352656931</Tiling>
		<Noise>
			<MainMix>0.5</MainMix>
			<Mix12>0.5</Mix12>
			<Mix34>0.5</Mix34>
			<Tiling>0.1434977651</Tiling>
			<Tiling12>0</Tiling12>
			<Tiling34>0.06278026849</Tiling34>
			<Transition>0.1000000015</Transition>
		</Noise>
		<Texture>
			<Tex00>data/gfx/landscape/textures/ground/snow_01.png</Tex00>
			<Tex01>data/gfx/landscape/textures/ground/snow_02.png</Tex01>
			<Tex02>data/gfx/landscape/textures/ground/snow_03.png</Tex02>
			<Tex03>data/gfx/landscape/textures/ground/snow_04.png</Tex03>
			<Tiling>0.02926829271</Tiling>
		</Texture>
	</Layer04>
</Material>