<?xml version="1.0" encoding="Windows-1252"?>

<Material>
	<Detail>
		<0>
			<Path>data\gfx\landscape\textures\ground\detail_ground_01.png</Path>
			<FarTiling>0.0533333011</FarTiling>
			<NearTiling>0.4711109996</NearTiling>
		</0>
		<1>
			<Path>data/gfx/landscape/textures/ground/detail_ground_01.png</Path>
			<FarTiling>0.04888889939</FarTiling>
			<NearTiling>0.4622220099</NearTiling>
		</1>
		<2>
			<Path>data/gfx/landscape/textures/ground/detail_grass_01.png</Path>
			<FarTiling>0.05777779967</FarTiling>
			<NearTiling>0.4222219884</NearTiling>
		</2>
		<3>
			<Path>Data/Gfx/Landscape/Textures/DefaultDetail.png</Path>
			<FarTiling>0.5</FarTiling>
			<NearTiling>0.5</NearTiling>
		</3>
		<FarDistance>3.317970037</FarDistance>
		<NearDistance>0.07370000333</NearDistance>
	</Detail>
	<Rock>
		<RockSlope>0.6205360293</RockSlope>
		<RockSlopeBlending>0.2544640005</RockSlopeBlending>
	</Rock>
	<Layer00>
		<Start>1</Start>
		<End>1.100000024</End>
		<Transition>0.009999999776</Transition>
		<Perturbation>0.1000000015</Perturbation>
		<Tiling>8</Tiling>
		<Noise>
			<MainMix>0.427313</MainMix>
			<Mix12>0.4096919894</Mix12>
			<Mix34>0.4052860141</Mix34>
			<Tiling>0.2690579891</Tiling>
			<Tiling12>0.4394620061</Tiling12>
			<Tiling34>0.3721970022</Tiling34>
			<Transition>0.1277530044</Transition>
		</Noise>
		<Texture>
			<Tex00>data\gfx\landscape\textures\rock\rock_03.png</Tex00>
			<Tex01>data\gfx\landscape\textures\rock\rock_08.png</Tex01>
			<Tex02>data\gfx\landscape\textures\rock\rock_07.png</Tex02>
			<Tex03>data\gfx\landscape\textures\rock\rock_05.png</Tex03>
			<Tiling>0.4634149969</Tiling>
		</Texture>
	</Layer00>
	<Layer01>
		<Start>1</Start>
		<End>1.100000024</End>
		<Transition>0.009999999776</Transition>
		<Perturbation>0.1000000015</Perturbation>
		<Tiling>8</Tiling>
		<Noise>
			<MainMix>0.352422893</MainMix>
			<Mix12>0.5110132098</Mix12>
			<Mix34>0.4757709205</Mix34>
			<Tiling>0.1748878956</Tiling>
			<Tiling12>0.08071748912</Tiling12>
			<Tiling34>0.1210762337</Tiling34>
			<Transition>0.1629955918</Transition>
		</Noise>
		<Texture>
			<Tex00>data/gfx/landscape/textures/ground/sand_blue_01.png</Tex00>
			<Tex01>data/gfx/landscape/textures/ground/sand_blue_03.png</Tex01>
			<Tex02>data/gfx/landscape/textures/ground/sand_blue_01.png</Tex02>
			<Tex03>data/gfx/landscape/textures/rock/rock_12.png</Tex03>
			<Tiling>0.03414630145</Tiling>
		</Texture>
	</Layer01>
	<Layer02>
		<Start>0.05336323008</Start>
		<End>1</End>
		<Transition>0.05109149218</Transition>
		<Perturbation>0</Perturbation>
		<Tiling>0</Tiling>
		<Noise>
			<MainMix>0.5110132098</MainMix>
			<Mix12>0.1585903019</Mix12>
			<Mix34>0.49779737</Mix34>
			<Tiling>0.1031390131</Tiling>
			<Tiling12>0.07174888253</Tiling12>
			<Tiling34>0.1210762337</Tiling34>
			<Transition>0.2114537507</Transition>
		</Noise>
		<Texture>
			<Tex00>data/gfx/landscape/textures/ground/ground_09.png</Tex00>
			<Tex01>data/gfx/landscape/textures/ground/ground_03.png</Tex01>
			<Tex02>data/gfx/landscape/textures/ground/ground_01.png</Tex02>
			<Tex03>data/gfx/landscape/textures/ground/ground_02.png</Tex03>
			<Tiling>0.01951219514</Tiling>
		</Texture>
	</Layer02>
	<Layer03>
		<Start>0.06004796177</Start>
		<End>1</End>
		<Transition>0.008483448997</Transition>
		<Perturbation>0</Perturbation>
		<Tiling>0.1932367086</Tiling>
		<Noise>
			<MainMix>0.3744493425</MainMix>
			<Mix12>0.50220263</Mix12>
			<Mix34>0.4933920801</Mix34>
			<Tiling>0.05829596519</Tiling>
			<Tiling12>0.04932735488</Tiling12>
			<Tiling34>0.1076233163</Tiling34>
			<Transition>0.2643171847</Transition>
		</Noise>
		<Texture>
			<Tex00>data/gfx/landscape/textures/ground/grass_01.png</Tex00>
			<Tex01>data/gfx/landscape/textures/ground/ground_09.png</Tex01>
			<Tex02>data/gfx/landscape/textures/ground/grass_02.png</Tex02>
			<Tex03>data/gfx/landscape/textures/ground/grass_03.png</Tex03>
			<Tiling>0.01951220073</Tiling>
		</Texture>
	</Layer03>
	<Layer04>
		<Start>1</Start>
		<End>1.100000024</End>
		<Transition>0.009999999776</Transition>
		<Perturbation>0.1000000015</Perturbation>
		<Tiling>8</Tiling>
		<Noise>
			<MainMix>0.5</MainMix>
			<Mix12>0.5</Mix12>
			<Mix34>0.5</Mix34>
			<Tiling>0.5</Tiling>
			<Tiling12>0.5</Tiling12>
			<Tiling34>0.5</Tiling34>
			<Transition>0.1000000015</Transition>
		</Noise>
		<Texture>
			<Tex00>Data/Gfx/Landscape/Textures/DefaultTexture.png</Tex00>
			<Tex01>Data/Gfx/Landscape/Textures/DefaultTexture.png</Tex01>
			<Tex02>Data/Gfx/Landscape/Textures/DefaultTexture.png</Tex02>
			<Tex03>Data/Gfx/Landscape/Textures/DefaultTexture.png</Tex03>
			<Tiling>0.5</Tiling>
		</Texture>
	</Layer04>
</Material>