<?xml version="1.0" encoding="Windows-1252"?>

<Material>
	<Detail>
		<0>
			<Path>data/gfx/landscape/textures/ground/detail_sand_03.png</Path>
			<FarTiling>0.03555560112</FarTiling>
			<NearTiling>0.4711109996</NearTiling>
		</0>
		<1>
			<Path>data\gfx\landscape\textures\ground\detail_grass_01.png</Path>
			<FarTiling>0.04888889939</FarTiling>
			<NearTiling>0.4622220099</NearTiling>
		</1>
		<2>
			<Path>data\gfx\landscape\textures\ground\detail_ground_01.png</Path>
			<FarTiling>0.05777779967</FarTiling>
			<NearTiling>0.4222219884</NearTiling>
		</2>
		<3>
			<Path>data\gfx\landscape\textures\ground\detail_sand_01.png</Path>
			<FarTiling>0.04444440082</FarTiling>
			<NearTiling>0.400000006</NearTiling>
		</3>
		<FarDistance>3.317970037</FarDistance>
		<NearDistance>0.07370000333</NearDistance>
	</Detail>
	<Rock>
		<RockSlope>0.8169639707</RockSlope>
		<RockSlopeBlending>0.1316960007</RockSlopeBlending>
	</Rock>
	<Layer00>
		<Start>1</Start>
		<End>1.100000024</End>
		<Transition>0.009999999776</Transition>
		<Perturbation>0.1000000015</Perturbation>
		<Tiling>8</Tiling>
		<Noise>
			<MainMix>0.4845820069</MainMix>
			<Mix12>0.4669600129</Mix12>
			<Mix34>0.4229080081</Mix34>
			<Tiling>0.6098650098</Tiling>
			<Tiling12>0.4439460039</Tiling12>
			<Tiling34>0.3408069909</Tiling34>
			<Transition>0.1409689933</Transition>
		</Noise>
		<Texture>
			<Tex00>data\gfx\landscape\textures\rock\rock_03.png</Tex00>
			<Tex01>data\gfx\landscape\textures\rock\rock_08.png</Tex01>
			<Tex02>data\gfx\landscape\textures\rock\rock_07.png</Tex02>
			<Tex03>data\gfx\landscape\textures\rock\rock_05.png</Tex03>
			<Tiling>0.4634149969</Tiling>
		</Texture>
	</Layer00>
	<Layer01>
		<Start>1</Start>
		<End>1.100000024</End>
		<Transition>0.009999999776</Transition>
		<Perturbation>0.1000000015</Perturbation>
		<Tiling>8</Tiling>
		<Noise>
			<MainMix>0.3832600117</MainMix>
			<Mix12>0.3656390011</Mix12>
			<Mix34>0.3215860128</Mix34>
			<Tiling>0.1434980035</Tiling>
			<Tiling12>0.09417039901</Tiling12>
			<Tiling34>0.08071749657</Tiling34>
			<Transition>0.1189429983</Transition>
		</Noise>
		<Texture>
			<Tex00>data/gfx/landscape/textures/ground/sand_01.png</Tex00>
			<Tex01>data/gfx/landscape/textures/ground/sand_02.png</Tex01>
			<Tex02>data/gfx/landscape/textures/ground/sand_03.png</Tex02>
			<Tex03>data/gfx/landscape/textures/ground/sand_04.png</Tex03>
			<Tiling>0.03414630145</Tiling>
		</Texture>
	</Layer01>
	<Layer02>
		<Start>0.07729468495</Start>
		<End>1</End>
		<Transition>0.2946859896</Transition>
		<Perturbation>0.05314009637</Perturbation>
		<Tiling>0.2753623128</Tiling>
		<Noise>
			<MainMix>0.4933920801</MainMix>
			<Mix12>0.4669603407</Mix12>
			<Mix34>0.49779737</Mix34>
			<Tiling>0.04035874456</Tiling>
			<Tiling12>0.1390134543</Tiling12>
			<Tiling34>0.08968609571</Tiling34>
			<Transition>0.251101315</Transition>
		</Noise>
		<Texture>
			<Tex00>data/gfx/landscape/textures/ground/grass_01.png</Tex00>
			<Tex01>data/gfx/landscape/textures/ground/grass_02.png</Tex01>
			<Tex02>data/gfx/landscape/textures/ground/grass_03.png</Tex02>
			<Tex03>data/gfx/landscape/textures/ground/grass_04.png</Tex03>
			<Tiling>0.01951220073</Tiling>
		</Texture>
	</Layer02>
	<Layer03>
		<Start>1</Start>
		<End>1</End>
		<Transition>1</Transition>
		<Perturbation>0.2270530015</Perturbation>
		<Tiling>0.2560389936</Tiling>
		<Noise>
			<MainMix>0.3876650035</MainMix>
			<Mix12>0.3568280041</Mix12>
			<Mix34>0.3171809912</Mix34>
			<Tiling>0.1345289946</Tiling>
			<Tiling12>0.2331839949</Tiling12>
			<Tiling34>0.1569509953</Tiling34>
			<Transition>0.1277530044</Transition>
		</Noise>
		<Texture>
			<Tex00>data\gfx\landscape\textures\ground\ground_01.png</Tex00>
			<Tex01>data\gfx\landscape\textures\ground\ground_02.png</Tex01>
			<Tex02>data\gfx\landscape\textures\ground\ground_03.png</Tex02>
			<Tex03>data\gfx\landscape\textures\ground\ground_04.png</Tex03>
			<Tiling>0.01951220073</Tiling>
		</Texture>
	</Layer03>
	<Layer04>
		<Start>0</Start>
		<End>0</End>
		<Transition>0.1062801927</Transition>
		<Perturbation>0</Perturbation>
		<Tiling>0.5652170181</Tiling>
		<Noise>
			<MainMix>0.3832600117</MainMix>
			<Mix12>0.3656390011</Mix12>
			<Mix34>0.3348020017</Mix34>
			<Tiling>0.04035869986</Tiling>
			<Tiling12>0.05381169915</Tiling12>
			<Tiling34>0.03587440029</Tiling34>
			<Transition>0.1453740001</Transition>
		</Noise>
		<Texture>
			<Tex00>data\gfx\landscape\textures\ground\sand_blue_01.png</Tex00>
			<Tex01>data/gfx/landscape/textures/ground/sand_blue_01.png</Tex01>
			<Tex02>data\gfx\landscape\textures\ground\sand_blue_01.png</Tex02>
			<Tex03>data/gfx/landscape/textures/ground/sand_blue_01.png</Tex03>
			<Tiling>0.04390240088</Tiling>
		</Texture>
	</Layer04>
</Material>