<?xml version="1.0" encoding="Windows-1252"?>

<Material>
	<Detail>
		<0>
			<Path>data/gfx/landscape/textures/ground/detail_ground_01.png</Path>
			<FarTiling>0.0533333011</FarTiling>
			<NearTiling>0.4711109996</NearTiling>
		</0>
		<1>
			<Path>data/gfx/landscape/textures/ground/detail_ground_01.png</Path>
			<FarTiling>0.04888889939</FarTiling>
			<NearTiling>0.4622220099</NearTiling>
		</1>
		<2>
			<Path>data/gfx/landscape/textures/ground/detail_grass_01.png</Path>
			<FarTiling>0.05777779967</FarTiling>
			<NearTiling>0.4222219884</NearTiling>
		</2>
		<3>
			<Path>Data/Gfx/Landscape/Textures/DefaultDetail.png</Path>
			<FarTiling>0.5</FarTiling>
			<NearTiling>0.5</NearTiling>
		</3>
		<FarDistance>3.317970037</FarDistance>
		<NearDistance>0.07370000333</NearDistance>
	</Detail>
	<Rock>
		<RockSlope>0.3794642985</RockSlope>
		<RockSlopeBlending>0.2075892836</RockSlopeBlending>
	</Rock>
	<Layer00>
		<Start>1</Start>
		<End>1.100000024</End>
		<Transition>0.009999999776</Transition>
		<Perturbation>0.1000000015</Perturbation>
		<Tiling>8</Tiling>
		<Noise>
			<MainMix>0.4581497908</MainMix>
			<Mix12>0.4801762104</Mix12>
			<Mix34>0.4713656306</Mix34>
			<Tiling>0.3049327433</Tiling>
			<Tiling12>0.1345291436</Tiling12>
			<Tiling34>0.2107623369</Tiling34>
			<Transition>0.1277530044</Transition>
		</Noise>
		<Texture>
			<Tex00>data\gfx\landscape\textures\rock\rock_03.png</Tex00>
			<Tex01>data\gfx\landscape\textures\rock\rock_08.png</Tex01>
			<Tex02>data\gfx\landscape\textures\rock\rock_07.png</Tex02>
			<Tex03>data\gfx\landscape\textures\rock\rock_05.png</Tex03>
			<Tiling>0.2439024448</Tiling>
		</Texture>
	</Layer00>
	<Layer01>
		<Start>1</Start>
		<End>1.100000024</End>
		<Transition>0.009999999776</Transition>
		<Perturbation>0.1000000015</Perturbation>
		<Tiling>8</Tiling>
		<Noise>
			<MainMix>0.4537445009</MainMix>
			<Mix12>0.4889867902</Mix12>
			<Mix34>0.4713656306</Mix34>
			<Tiling>0.1434980035</Tiling>
			<Tiling12>0.03587444127</Tiling12>
			<Tiling34>0.08071749657</Tiling34>
			<Transition>0.1453744471</Transition>
		</Noise>
		<Texture>
			<Tex00>data/gfx/landscape/textures/ground/sand_blue_01.png</Tex00>
			<Tex01>data/gfx/landscape/textures/ground/sand_blue_01.png</Tex01>
			<Tex02>data/gfx/landscape/textures/ground/sand_blue_01.png</Tex02>
			<Tex03>data/gfx/landscape/textures/ground/sand_blue_01.png</Tex03>
			<Tiling>0.02439024299</Tiling>
		</Texture>
	</Layer01>
	<Layer02>
		<Start>0.01937900297</Start>
		<End>1</End>
		<Transition>0.01487211324</Transition>
		<Perturbation>0</Perturbation>
		<Tiling>0</Tiling>
		<Noise>
			<MainMix>0.3568281829</MainMix>
			<Mix12>0.49779737</Mix12>
			<Mix34>0.50220263</Mix34>
			<Tiling>0.1121076196</Tiling>
			<Tiling12>0.02242152393</Tiling12>
			<Tiling34>0.06726457179</Tiling34>
			<Transition>0.2687224746</Transition>
		</Noise>
		<Texture>
			<Tex00>data/gfx/landscape/textures/ground/ground_01.png</Tex00>
			<Tex01>data/gfx/landscape/textures/ground/ground_02.png</Tex01>
			<Tex02>data/gfx/landscape/textures/ground/ground_03.png</Tex02>
			<Tex03>data/gfx/landscape/textures/ground/ground_09.png</Tex03>
			<Tiling>0.02937570028</Tiling>
		</Texture>
	</Layer02>
	<Layer03>
		<Start>0.1224630773</Start>
		<End>1</End>
		<Transition>0.0849667117</Transition>
		<Perturbation>0.05314009637</Perturbation>
		<Tiling>0.2657004893</Tiling>
		<Noise>
			<MainMix>0.4229075015</MainMix>
			<Mix12>0.49779737</Mix12>
			<Mix34>0.3039647639</Mix34>
			<Tiling>0.04484304786</Tiling>
			<Tiling12>0</Tiling12>
			<Tiling34>0.01793722063</Tiling34>
			<Transition>0.3127753437</Transition>
		</Noise>
		<Texture>
			<Tex00>data/gfx/landscape/textures/ground/grass_01.png</Tex00>
			<Tex01>data/gfx/landscape/textures/ground/grass_02.png</Tex01>
			<Tex02>data/gfx/landscape/textures/ground/grass_03.png</Tex02>
			<Tex03>data/gfx/landscape/textures/ground/ground_09.png</Tex03>
			<Tiling>0.01951220073</Tiling>
		</Texture>
	</Layer03>
	<Layer04>
		<Start>1</Start>
		<End>1.100000024</End>
		<Transition>0.009999999776</Transition>
		<Perturbation>0.1000000015</Perturbation>
		<Tiling>8</Tiling>
		<Noise>
			<MainMix>0.5</MainMix>
			<Mix12>0.5</Mix12>
			<Mix34>0.5</Mix34>
			<Tiling>0.5</Tiling>
			<Tiling12>0.5</Tiling12>
			<Tiling34>0.5</Tiling34>
			<Transition>0.1000000015</Transition>
		</Noise>
		<Texture>
			<Tex00>Data/Gfx/Landscape/Textures/DefaultTexture.png</Tex00>
			<Tex01>Data/Gfx/Landscape/Textures/DefaultTexture.png</Tex01>
			<Tex02>Data/Gfx/Landscape/Textures/DefaultTexture.png</Tex02>
			<Tex03>Data/Gfx/Landscape/Textures/DefaultTexture.png</Tex03>
			<Tiling>0.5</Tiling>
		</Texture>
	</Layer04>
</Material>