<?xml version="1.0" encoding="Windows-1252"?>

<Material>
	<Detail>
		<0>
			<Path>data\gfx\landscape\textures\ground\detail_ground_01.png</Path>
			<FarTiling>0.0533333011</FarTiling>
			<NearTiling>0.4711109996</NearTiling>
		</0>
		<1>
			<Path>data\gfx\landscape\textures\ground\detail_ground_02.png</Path>
			<FarTiling>0.04888889939</FarTiling>
			<NearTiling>0.4622220099</NearTiling>
		</1>
		<2>
			<Path>data\gfx\landscape\textures\ground\detail_snow_01.png</Path>
			<FarTiling>0.05777779967</FarTiling>
			<NearTiling>0.4222219884</NearTiling>
		</2>
		<3>
			<Path>Data/Gfx/Landscape/Textures/DefaultDetail.png</Path>
			<FarTiling>0.5</FarTiling>
			<NearTiling>0.5</NearTiling>
		</3>
		<FarDistance>3.317970037</FarDistance>
		<NearDistance>0.07370000333</NearDistance>
	</Detail>
	<Rock>
		<RockSlope>0.46875</RockSlope>
		<RockSlopeBlending>0.2723209858</RockSlopeBlending>
	</Rock>
	<Layer00>
		<Start>1</Start>
		<End>1.100000024</End>
		<Transition>0.009999999776</Transition>
		<Perturbation>0.1000000015</Perturbation>
		<Tiling>8</Tiling>
		<Noise>
			<MainMix>0.4801762104</MainMix>
			<Mix12>0.4713656306</Mix12>
			<Mix34>0.4229075015</Mix34>
			<Tiling>0.2242152393</Tiling>
			<Tiling12>0.125560537</Tiling12>
			<Tiling34>0.1793721914</Tiling34>
			<Transition>0.1938326061</Transition>
		</Noise>
		<Texture>
			<Tex00>data\gfx\landscape\textures\rock\rock_09.png</Tex00>
			<Tex01>data\gfx\landscape\textures\rock\rock_11.png</Tex01>
			<Tex02>data\gfx\landscape\textures\rock\rock_12.png</Tex02>
			<Tex03>data\gfx\landscape\textures\rock\rock_10.png</Tex03>
			<Tiling>0.1756097525</Tiling>
		</Texture>
	</Layer00>
	<Layer01>
		<Start>1</Start>
		<End>1.100000024</End>
		<Transition>0.009999999776</Transition>
		<Perturbation>0.1000000015</Perturbation>
		<Tiling>8</Tiling>
		<Noise>
			<MainMix>0.49779737</MainMix>
			<Mix12>0.3920704722</Mix12>
			<Mix34>0.4229075015</Mix34>
			<Tiling>0.1434977651</Tiling>
			<Tiling12>0.08520179242</Tiling12>
			<Tiling34>0.02690582909</Tiling34>
			<Transition>0.2555066049</Transition>
		</Noise>
		<Texture>
			<Tex00>data\gfx\landscape\textures\ground\ground_01.png</Tex00>
			<Tex01>data\gfx\landscape\textures\ground\ground_02.png</Tex01>
			<Tex02>data\gfx\landscape\textures\ground\ground_03.png</Tex02>
			<Tex03>data/gfx/landscape/textures/ground/ground_09.png</Tex03>
			<Tiling>0.03414630145</Tiling>
		</Texture>
	</Layer01>
	<Layer02>
		<Start>0.1159420311</Start>
		<End>1</End>
		<Transition>0.1980676353</Transition>
		<Perturbation>0.07729468495</Perturbation>
		<Tiling>0.4396135211</Tiling>
		<Noise>
			<MainMix>0.5066079497</MainMix>
			<Mix12>0.4801762104</Mix12>
			<Mix34>0.5154185295</Mix34>
			<Tiling>0.1883408129</Tiling>
			<Tiling12>0.07623318583</Tiling12>
			<Tiling34>0.1345291436</Tiling34>
			<Transition>0.2731277645</Transition>
		</Noise>
		<Texture>
			<Tex00>data\gfx\landscape\textures\ground\ground_05.png</Tex00>
			<Tex01>data\gfx\landscape\textures\ground\ground_06.png</Tex01>
			<Tex02>data\gfx\landscape\textures\ground\ground_07.png</Tex02>
			<Tex03>data\gfx\landscape\textures\ground\ground_08.png</Tex03>
			<Tiling>0.01463414636</Tiling>
		</Texture>
	</Layer02>
	<Layer03>
		<Start>1</Start>
		<End>1</End>
		<Transition>0.2512080073</Transition>
		<Perturbation>0.04830919951</Perturbation>
		<Tiling>0.410627991</Tiling>
		<Noise>
			<MainMix>0.3876650035</MainMix>
			<Mix12>0.3568280041</Mix12>
			<Mix34>0.3171809912</Mix34>
			<Tiling>0.1345289946</Tiling>
			<Tiling12>0.2331839949</Tiling12>
			<Tiling34>0.1569509953</Tiling34>
			<Transition>0.1277530044</Transition>
		</Noise>
		<Texture>
			<Tex00>data\gfx\landscape\textures\ground\snow_01.png</Tex00>
			<Tex01>data\gfx\landscape\textures\ground\snow_02.png</Tex01>
			<Tex02>data\gfx\landscape\textures\ground\snow_03.png</Tex02>
			<Tex03>data\gfx\landscape\textures\ground\snow_04.png</Tex03>
			<Tiling>0.01951220073</Tiling>
		</Texture>
	</Layer03>
	<Layer04>
		<Start>1</Start>
		<End>1.100000024</End>
		<Transition>0.009999999776</Transition>
		<Perturbation>0.1000000015</Perturbation>
		<Tiling>8</Tiling>
		<Noise>
			<MainMix>0.5</MainMix>
			<Mix12>0.5</Mix12>
			<Mix34>0.5</Mix34>
			<Tiling>0.5</Tiling>
			<Tiling12>0.5</Tiling12>
			<Tiling34>0.5</Tiling34>
			<Transition>0.1000000015</Transition>
		</Noise>
		<Texture>
			<Tex00>Data/Gfx/Landscape/Textures/DefaultTexture.png</Tex00>
			<Tex01>Data/Gfx/Landscape/Textures/DefaultTexture.png</Tex01>
			<Tex02>Data/Gfx/Landscape/Textures/DefaultTexture.png</Tex02>
			<Tex03>Data/Gfx/Landscape/Textures/DefaultTexture.png</Tex03>
			<Tiling>0.5</Tiling>
		</Texture>
	</Layer04>
</Material>