﻿<?xml version="1.0" encoding="utf-8"?>
<root>
  <texlist name="particle/tlt/cj_jkuye_001.tlt">
    <tex name="particle/texture/cj_jkuye_001.dds" />
    <tex name="particle/texture/cj_jkuye_001.dds" />
    <tex name="particle/texture/cj_jkuye_001.dds" />
    <tex name="particle/texture/cj_jkuye_001.dds" />
  </texlist>
  <texlist name="particle/tlt/cj_jshandian_001.tlt">
    <tex name="particle/texture/cj_jshandian_001.dds" />
    <tex name="particle/texture/cj_jshandian_001.dds" />
    <tex name="particle/texture/cj_jshandian_001.dds" />
    <tex name="particle/texture/cj_jshandian_001.dds" />
  </texlist>
  <texlist name="particle/tlt/cj_jyunxulie_001.tlt">
    <tex name="particle/texture/cj_jyunxuli_001.dds" />
    <tex name="particle/texture/cj_jyunxuli_001.dds" />
    <tex name="particle/texture/cj_jyunxuli_001.dds" />
    <tex name="particle/texture/cj_jyunxuli_001.dds" />
  </texlist>
  <texlist name="particle/tlt/cj_nye_001.tlt">
    <tex name="particle/texture/cj_nye_001.dds" />
    <tex name="particle/texture/cj_nye_001.dds" />
    <tex name="particle/texture/cj_nye_001.dds" />
    <tex name="particle/texture/cj_nye_001.dds" />
    <tex name="particle/texture/cj_nye_001.dds" />
  </texlist>
  <texlist name="particle/tlt/cj_wyun_001.tlt">
    <tex name="particle/texture/cj_wyun_001.dds" />
    <tex name="particle/texture/cj_wyun_001.dds" />
    <tex name="particle/texture/cj_wyun_001.dds" />
    <tex name="particle/texture/cj_wyun_001.dds" />
    <tex name="particle/texture/cj_wyun_001.dds" />
    <tex name="particle/texture/cj_wyun_001.dds" />
    <tex name="particle/texture/cj_wyun_001.dds" />
    <tex name="particle/texture/cj_wyun_001.dds" />
    <tex name="particle/texture/cj_wyun_001.dds" />
  </texlist>
  <texlist name="particle/tlt/cj_wyun_002.tlt">
    <tex name="particle/texture/cj_wyun_002.dds" />
    <tex name="particle/texture/cj_wyun_002.dds" />
    <tex name="particle/texture/cj_wyun_002.dds" />
    <tex name="particle/texture/cj_wyun_002.dds" />
  </texlist>
  <texlist name="particle/tlt/cj_wyun_003.tlt">
    <tex name="particle/texture/cj_wyun_002.dds" />
  </texlist>
  <texlist name="particle/tlt/cj_wyun_004.tlt">
    <tex name="particle/texture/cj_wyun_002.dds" />
  </texlist>
  <texlist name="particle/tlt/cj_wyun_005.tlt">
    <tex name="particle/texture/cj_wyun_002.dds" />
  </texlist>
  <texlist name="particle/tlt/cj_wyun_006.tlt">
    <tex name="particle/texture/cj_wyun_002.dds" />
  </texlist>
  <texlist name="particle/tlt/cj_wyun_007.tlt">
    <tex name="particle/texture/cj_wyun_001.dds" />
    <tex name="particle/texture/cj_wyun_001.dds" />
    <tex name="particle/texture/cj_wyun_001.dds" />
    <tex name="particle/texture/cj_wyun_001.dds" />
    <tex name="particle/texture/cj_wyun_001.dds" />
    <tex name="particle/texture/cj_wyun_001.dds" />
    <tex name="particle/texture/cj_wyun_001.dds" />
    <tex name="particle/texture/cj_wyun_001.dds" />
  </texlist>
  <texlist name="particle/tlt/jn_nshuiuha_001.tlt">
    <tex name="particle/texture/jn_nshuihua_001.dds" />
    <tex name="particle/texture/jn_nshuihua_001.dds" />
    <tex name="particle/texture/jn_nshuihua_001.dds" />
    <tex name="particle/texture/jn_nshuihua_001.dds" />
    <tex name="particle/texture/jn_nshuihua_001.dds" />
  </texlist>
  <texlist name="particle/tlt/jn_nshuizhu_001.tlt">
    <tex name="particle/texture/jn_nshuizhu_001.dds" />
    <tex name="particle/texture/jn_nshuizhu_001.dds" />
    <tex name="particle/texture/jn_nshuizhu_001.dds" />
    <tex name="particle/texture/jn_nshuizhu_001.dds" />
    <tex name="particle/texture/jn_nshuizhu_001.dds" />
    <tex name="particle/texture/jn_nshuizhu_001.dds" />
    <tex name="particle/texture/jn_nshuizhu_001.dds" />
    <tex name="particle/texture/jn_nshuizhu_001.dds" />
    <tex name="particle/texture/jn_nshuizhu_001.dds" />
    <tex name="particle/texture/jn_nshuizhu_001.dds" />
    <tex name="particle/texture/jn_nshuizhu_001.dds" />
    <tex name="particle/texture/jn_nshuizhu_001.dds" />
    <tex name="particle/texture/jn_nshuizhu_001.dds" />
    <tex name="particle/texture/jn_nshuizhu_001.dds" />
    <tex name="particle/texture/jn_nshuizhu_001.dds" />
    <tex name="particle/texture/jn_nshuizhu_001.dds" />
    <tex name="particle/texture/jn_nshuizhu_001.dds" />
  </texlist>
  <texlist name="particle/tlt/jn_whuoxing_001.tlt">
    <tex name="particle/texture/jn_whuoxing_001.dds" />
    <tex name="particle/texture/jn_whuoxing_001.dds" />
    <tex name="particle/texture/jn_whuoxing_001.dds" />
    <tex name="particle/texture/jn_whuoxing_001.dds" />
    <tex name="particle/texture/jn_whuoxing_001.dds" />
    <tex name="particle/texture/jn_whuoxing_001.dds" />
    <tex name="particle/texture/jn_whuoxing_001.dds" />
    <tex name="particle/texture/jn_whuoxing_001.dds" />
    <tex name="particle/texture/jn_whuoxing_001.dds" />
    <tex name="particle/texture/jn_whuoxing_001.dds" />
  </texlist>
  <texlist name="particle/tlt/ts_ndian_001.tlt">
    <tex name="particle/texture/ts_ndian_001.dds" />
    <tex name="particle/texture/ts_ndian_001.dds" />
    <tex name="particle/texture/ts_ndian_001.dds" />
    <tex name="particle/texture/ts_ndian_001.dds" />
  </texlist>
  <texlist name="particle/tlt/ts_ndian_002.tlt">
    <tex name="particle/texture/ts_ndian_002.dds" />
    <tex name="particle/texture/ts_ndian_002.dds" />
    <tex name="particle/texture/ts_ndian_002.dds" />
    <tex name="particle/texture/ts_ndian_002.dds" />
    <tex name="particle/texture/ts_ndian_002.dds" />
  </texlist>
  <texlist name="particle/tlt/ts_nhuoqiang_002.tlt">
    <tex name="particle/texture/ts_yhuoqiang_002.dds" />
    <tex name="particle/texture/ts_yhuoqiang_002.dds" />
    <tex name="particle/texture/ts_yhuoqiang_002.dds" />
    <tex name="particle/texture/ts_yhuoqiang_002.dds" />
    <tex name="particle/texture/ts_yhuoqiang_002.dds" />
    <tex name="particle/texture/ts_yhuoqiang_002.dds" />
    <tex name="particle/texture/ts_yhuoqiang_002.dds" />
    <tex name="particle/texture/ts_yhuoqiang_002.dds" />
    <tex name="particle/texture/ts_yhuoqiang_002.dds" />
    <tex name="particle/texture/ts_yhuoqiang_002.dds" />
    <tex name="particle/texture/ts_yhuoqiang_002.dds" />
    <tex name="particle/texture/ts_yhuoqiang_002.dds" />
    <tex name="particle/texture/ts_yhuoqiang_002.dds" />
    <tex name="particle/texture/ts_yhuoqiang_002.dds" />
    <tex name="particle/texture/ts_yhuoqiang_002.dds" />
    <tex name="particle/texture/ts_yhuoqiang_002.dds" />
    <tex name="particle/texture/ts_yhuoqiang_002.dds" />
    <tex name="particle/texture/ts_yhuoqiang_002.dds" />
    <tex name="particle/texture/ts_yhuoqiang_002.dds" />
    <tex name="particle/texture/ts_yhuoqiang_002.dds" />
    <tex name="particle/texture/ts_yhuoqiang_002.dds" />
    <tex name="particle/texture/ts_yhuoqiang_002.dds" />
    <tex name="particle/texture/ts_yhuoqiang_002.dds" />
    <tex name="particle/texture/ts_yhuoqiang_002.dds" />
    <tex name="particle/texture/ts_yhuoqiang_002.dds" />
    <tex name="particle/texture/ts_yhuoqiang_002.dds" />
    <tex name="particle/texture/ts_yhuoqiang_002.dds" />
    <tex name="particle/texture/ts_yhuoqiang_002.dds" />
    <tex name="particle/texture/ts_yhuoqiang_002.dds" />
    <tex name="particle/texture/ts_yhuoqiang_002.dds" />
    <tex name="particle/texture/ts_yhuoqiang_002.dds" />
    <tex name="particle/texture/ts_yhuoqiang_002.dds" />
    <tex name="particle/texture/ts_yhuoqiang_002.dds" />
    <tex name="particle/texture/ts_yhuoqiang_002.dds" />
    <tex name="particle/texture/ts_yhuoqiang_002.dds" />
    <tex name="particle/texture/ts_yhuoqiang_002.dds" />
  </texlist>
  <texlist name="particle/tlt/ts_nhuoxu_001.tlt">
    <tex name="particle/texture/ts_nhuoxu_001.dds" />
    <tex name="particle/texture/ts_nhuoxu_001.dds" />
    <tex name="particle/texture/ts_nhuoxu_001.dds" />
    <tex name="particle/texture/ts_nhuoxu_001.dds" />
    <tex name="particle/texture/ts_nhuoxu_001.dds" />
    <tex name="particle/texture/ts_nhuoxu_001.dds" />
    <tex name="particle/texture/ts_nhuoxu_001.dds" />
    <tex name="particle/texture/ts_nhuoxu_001.dds" />
    <tex name="particle/texture/ts_nhuoxu_001.dds" />
    <tex name="particle/texture/ts_nhuoxu_001.dds" />
    <tex name="particle/texture/ts_nhuoxu_001.dds" />
    <tex name="particle/texture/ts_nhuoxu_001.dds" />
    <tex name="particle/texture/ts_nhuoxu_001.dds" />
    <tex name="particle/texture/ts_nhuoxu_001.dds" />
    <tex name="particle/texture/ts_nhuoxu_001.dds" />
    <tex name="particle/texture/ts_nhuoxu_001.dds" />
    <tex name="particle/texture/ts_nhuoxu_001.dds" />
    <tex name="particle/texture/ts_nhuoxu_001.dds" />
    <tex name="particle/texture/ts_nhuoxu_001.dds" />
    <tex name="particle/texture/ts_nhuoxu_001.dds" />
    <tex name="particle/texture/ts_nhuoxu_001.dds" />
    <tex name="particle/texture/ts_nhuoxu_001.dds" />
    <tex name="particle/texture/ts_nhuoxu_001.dds" />
    <tex name="particle/texture/ts_nhuoxu_001.dds" />
    <tex name="particle/texture/ts_nhuoxu_001.dds" />
    <tex name="particle/texture/ts_nhuoxu_001.dds" />
    <tex name="particle/texture/ts_nhuoxu_001.dds" />
    <tex name="particle/texture/ts_nhuoxu_001.dds" />
    <tex name="particle/texture/ts_nhuoxu_001.dds" />
    <tex name="particle/texture/ts_nhuoxu_001.dds" />
    <tex name="particle/texture/ts_nhuoxu_001.dds" />
    <tex name="particle/texture/ts_nhuoxu_001.dds" />
  </texlist>
  <texlist name="particle/tlt/ts_nsuiboli_001.tlt">
    <tex name="particle/texture/ts_nsuiboli_001.dds" />
    <tex name="particle/texture/ts_nsuiboli_001.dds" />
    <tex name="particle/texture/ts_nsuiboli_001.dds" />
    <tex name="particle/texture/ts_nsuiboli_001.dds" />
    <tex name="particle/texture/ts_nsuiboli_001.dds" />
    <tex name="particle/texture/ts_nsuiboli_001.dds" />
    <tex name="particle/texture/ts_nsuiboli_001.dds" />
    <tex name="particle/texture/ts_nsuiboli_001.dds" />
    <tex name="particle/texture/ts_nsuiboli_001.dds" />
    <tex name="particle/texture/ts_nsuiboli_001.dds" />
    <tex name="particle/texture/ts_nsuiboli_001.dds" />
    <tex name="particle/texture/ts_nsuiboli_001.dds" />
    <tex name="particle/texture/ts_nsuiboli_001.dds" />
    <tex name="particle/texture/ts_nsuiboli_001.dds" />
    <tex name="particle/texture/ts_nsuiboli_001.dds" />
    <tex name="particle/texture/ts_nsuiboli_001.dds" />
  </texlist>
  <texlist name="particle/tlt/ts_nxdian_001.tlt">
    <tex name="particle/texture/ts_nxdian_001.dds" />
    <tex name="particle/texture/ts_nxdian_001.dds" />
    <tex name="particle/texture/ts_nxdian_001.dds" />
    <tex name="particle/texture/ts_nxdian_001.dds" />
    <tex name="particle/texture/ts_nxdian_001.dds" />
    <tex name="particle/texture/ts_nxdian_001.dds" />
    <tex name="particle/texture/ts_nxdian_001.dds" />
    <tex name="particle/texture/ts_nxdian_001.dds" />
    <tex name="particle/texture/ts_nxdian_001.dds" />
    <tex name="particle/texture/ts_nxdian_001.dds" />
    <tex name="particle/texture/ts_nxdian_001.dds" />
    <tex name="particle/texture/ts_nxdian_001.dds" />
    <tex name="particle/texture/ts_nxdian_001.dds" />
    <tex name="particle/texture/ts_nxdian_001.dds" />
    <tex name="particle/texture/ts_nxdian_001.dds" />
    <tex name="particle/texture/ts_nxdian_001.dds" />
    <tex name="particle/texture/ts_nxdian_001.dds" />
    <tex name="particle/texture/ts_nxdian_001.dds" />
    <tex name="particle/texture/ts_nxdian_001.dds" />
    <tex name="particle/texture/ts_nxdian_001.dds" />
    <tex name="particle/texture/ts_nxdian_001.dds" />
    <tex name="particle/texture/ts_nxdian_001.dds" />
    <tex name="particle/texture/ts_nxdian_001.dds" />
    <tex name="particle/texture/ts_nxdian_001.dds" />
    <tex name="particle/texture/ts_nxdian_001.dds" />
    <tex name="particle/texture/ts_nxdian_001.dds" />
    <tex name="particle/texture/ts_nxdian_001.dds" />
    <tex name="particle/texture/ts_nxdian_001.dds" />
    <tex name="particle/texture/ts_nxdian_001.dds" />
    <tex name="particle/texture/ts_nxdian_001.dds" />
    <tex name="particle/texture/ts_nxdian_001.dds" />
    <tex name="particle/texture/ts_nxdian_001.dds" />
    <tex name="particle/texture/ts_nxdian_001.dds" />
    <tex name="particle/texture/ts_nxdian_001.dds" />
    <tex name="particle/texture/ts_nxdian_001.dds" />
    <tex name="particle/texture/ts_nxdian_001.dds" />
    <tex name="particle/texture/ts_nxdian_001.dds" />
    <tex name="particle/texture/ts_nxdian_001.dds" />
    <tex name="particle/texture/ts_nxdian_001.dds" />
    <tex name="particle/texture/ts_nxdian_001.dds" />
    <tex name="particle/texture/ts_nxdian_001.dds" />
    <tex name="particle/texture/ts_nxdian_001.dds" />
    <tex name="particle/texture/ts_nxdian_001.dds" />
    <tex name="particle/texture/ts_nxdian_001.dds" />
    <tex name="particle/texture/ts_nxdian_001.dds" />
    <tex name="particle/texture/ts_nxdian_001.dds" />
    <tex name="particle/texture/ts_nxdian_001.dds" />
    <tex name="particle/texture/ts_nxdian_001.dds" />
  </texlist>
  <texlist name="particle/tlt/ts_nzifu_001.tlt">
    <tex name="particle/texture/ts_nzifu_004.dds" />
    <tex name="particle/texture/ts_nzifu_004.dds" />
    <tex name="particle/texture/ts_nzifu_004.dds" />
  </texlist>
  <texlist name="particle/tlt/ts_wbaozha_001.tlt">
    <tex name="particle/texture/ts_wbaozha_001.dds" />
    <tex name="particle/texture/ts_wbaozha_001.dds" />
    <tex name="particle/texture/ts_wbaozha_001.dds" />
    <tex name="particle/texture/ts_wbaozha_001.dds" />
    <tex name="particle/texture/ts_wbaozha_001.dds" />
    <tex name="particle/texture/ts_wbaozha_001.dds" />
    <tex name="particle/texture/ts_wbaozha_001.dds" />
    <tex name="particle/texture/ts_wbaozha_001.dds" />
    <tex name="particle/texture/ts_wbaozha_001.dds" />
    <tex name="particle/texture/ts_wbaozha_001.dds" />
    <tex name="particle/texture/ts_wbaozha_001.dds" />
    <tex name="particle/texture/ts_wbaozha_001.dds" />
    <tex name="particle/texture/ts_wbaozha_001.dds" />
    <tex name="particle/texture/ts_wbaozha_001.dds" />
    <tex name="particle/texture/ts_wbaozha_001.dds" />
    <tex name="particle/texture/ts_wbaozha_001.dds" />
  </texlist>
  <texlist name="particle/tlt/ts_wfensan_001.tlt">
    <tex name="particle/texture/ts_wfensan_001.dds" />
    <tex name="particle/texture/ts_wfensan_001.dds" />
    <tex name="particle/texture/ts_wfensan_001.dds" />
    <tex name="particle/texture/ts_wfensan_001.dds" />
    <tex name="particle/texture/ts_wfensan_001.dds" />
    <tex name="particle/texture/ts_wfensan_001.dds" />
    <tex name="particle/texture/ts_wfensan_001.dds" />
    <tex name="particle/texture/ts_wfensan_001.dds" />
    <tex name="particle/texture/ts_wfensan_001.dds" />
    <tex name="particle/texture/ts_wfensan_001.dds" />
    <tex name="particle/texture/ts_wfensan_001.dds" />
    <tex name="particle/texture/ts_wfensan_001.dds" />
    <tex name="particle/texture/ts_wfensan_001.dds" />
    <tex name="particle/texture/ts_wfensan_001.dds" />
    <tex name="particle/texture/ts_wfensan_001.dds" />
    <tex name="particle/texture/ts_wfensan_001.dds" />
  </texlist>
  <texlist name="particle/tlt/ts_wfuwen_001.tlt">
    <tex name="particle/texture/ts_wfuwen_001.dds" />
  </texlist>
  <texlist name="particle/tlt/ts_wfuwen_002.tlt">
    <tex name="particle/texture/ts_wfuwen_001.dds" />
  </texlist>
  <texlist name="particle/tlt/ts_wfuwen_003.tlt">
    <tex name="particle/texture/ts_wfuwen_001.dds" />
  </texlist>
  <texlist name="particle/tlt/ts_wfuwen_004.tlt">
    <tex name="particle/texture/ts_wfuwen_001.dds" />
  </texlist>
  <texlist name="particle/tlt/ts_wfuwen_005.tlt">
    <tex name="particle/texture/ts_wfuwen_001.dds" />
  </texlist>
  <texlist name="particle/tlt/ts_wfuwen_006.tlt">
    <tex name="particle/texture/ts_wfuwen_001.dds" />
  </texlist>
  <texlist name="particle/tlt/ts_wfuwen_007.tlt">
    <tex name="particle/texture/ts_wfuwen_001.dds" />
  </texlist>
  <texlist name="particle/tlt/ts_wfuwen_008.tlt">
    <tex name="particle/texture/ts_wfuwen_001.dds" />
  </texlist>
  <texlist name="particle/tlt/ts_whuoxulie_001.tlt">
    <tex name="particle/texture/ts_whuoxulie_001.dds" />
    <tex name="particle/texture/ts_whuoxulie_001.dds" />
    <tex name="particle/texture/ts_whuoxulie_001.dds" />
    <tex name="particle/texture/ts_whuoxulie_001.dds" />
    <tex name="particle/texture/ts_whuoxulie_001.dds" />
    <tex name="particle/texture/ts_whuoxulie_001.dds" />
    <tex name="particle/texture/ts_whuoxulie_001.dds" />
    <tex name="particle/texture/ts_whuoxulie_001.dds" />
    <tex name="particle/texture/ts_whuoxulie_001.dds" />
    <tex name="particle/texture/ts_whuoxulie_001.dds" />
    <tex name="particle/texture/ts_whuoxulie_001.dds" />
    <tex name="particle/texture/ts_whuoxulie_001.dds" />
    <tex name="particle/texture/ts_whuoxulie_001.dds" />
    <tex name="particle/texture/ts_whuoxulie_001.dds" />
    <tex name="particle/texture/ts_whuoxulie_001.dds" />
    <tex name="particle/texture/ts_whuoxulie_001.dds" />
  </texlist>
  <texlist name="particle/tlt/ts_whuoxulie_002.tlt">
    <tex name="particle/texture/ts_whuoxulie_002.dds" />
    <tex name="particle/texture/ts_whuoxulie_002.dds" />
    <tex name="particle/texture/ts_whuoxulie_002.dds" />
    <tex name="particle/texture/ts_whuoxulie_002.dds" />
    <tex name="particle/texture/ts_whuoxulie_002.dds" />
    <tex name="particle/texture/ts_whuoxulie_002.dds" />
    <tex name="particle/texture/ts_whuoxulie_002.dds" />
    <tex name="particle/texture/ts_whuoxulie_002.dds" />
    <tex name="particle/texture/ts_whuoxulie_002.dds" />
    <tex name="particle/texture/ts_whuoxulie_002.dds" />
    <tex name="particle/texture/ts_whuoxulie_002.dds" />
    <tex name="particle/texture/ts_whuoxulie_002.dds" />
    <tex name="particle/texture/ts_whuoxulie_002.dds" />
    <tex name="particle/texture/ts_whuoxulie_002.dds" />
    <tex name="particle/texture/ts_whuoxulie_002.dds" />
    <tex name="particle/texture/ts_whuoxulie_002.dds" />
  </texlist>
  <texlist name="particle/tlt/ts_whuoxulie_003.tlt">
    <tex name="particle/texture/ts_whuoxulie_003.dds" />
    <tex name="particle/texture/ts_whuoxulie_003.dds" />
    <tex name="particle/texture/ts_whuoxulie_003.dds" />
    <tex name="particle/texture/ts_whuoxulie_003.dds" />
    <tex name="particle/texture/ts_whuoxulie_003.dds" />
    <tex name="particle/texture/ts_whuoxulie_003.dds" />
    <tex name="particle/texture/ts_whuoxulie_003.dds" />
    <tex name="particle/texture/ts_whuoxulie_003.dds" />
    <tex name="particle/texture/ts_whuoxulie_003.dds" />
    <tex name="particle/texture/ts_whuoxulie_003.dds" />
    <tex name="particle/texture/ts_whuoxulie_003.dds" />
    <tex name="particle/texture/ts_whuoxulie_003.dds" />
    <tex name="particle/texture/ts_whuoxulie_003.dds" />
    <tex name="particle/texture/ts_whuoxulie_003.dds" />
    <tex name="particle/texture/ts_whuoxulie_003.dds" />
    <tex name="particle/texture/ts_whuoxulie_003.dds" />
  </texlist>
  <texlist name="particle/tlt/ts_wjianyin_001.tlt">
    <tex name="particle/texture/ts_wjianyin_001.dds" />
    <tex name="particle/texture/ts_wjianyin_001.dds" />
    <tex name="particle/texture/ts_wjianyin_001.dds" />
    <tex name="particle/texture/ts_wjianyin_001.dds" />
    <tex name="particle/texture/ts_wjianyin_001.dds" />
    <tex name="particle/texture/ts_wjianyin_001.dds" />
    <tex name="particle/texture/ts_wjianyin_001.dds" />
    <tex name="particle/texture/ts_wjianyin_001.dds" />
    <tex name="particle/texture/ts_wjianyin_001.dds" />
    <tex name="particle/texture/ts_wjianyin_001.dds" />
    <tex name="particle/texture/ts_wjianyin_001.dds" />
    <tex name="particle/texture/ts_wjianyin_001.dds" />
    <tex name="particle/texture/ts_wjianyin_001.dds" />
    <tex name="particle/texture/ts_wjianyin_001.dds" />
    <tex name="particle/texture/ts_wjianyin_001.dds" />
    <tex name="particle/texture/ts_wjianyin_001.dds" />
    <tex name="particle/texture/ts_wjianyin_001.dds" />
    <tex name="particle/texture/ts_wjianyin_001.dds" />
    <tex name="particle/texture/ts_wjianyin_001.dds" />
    <tex name="particle/texture/ts_wjianyin_001.dds" />
    <tex name="particle/texture/ts_wjianyin_001.dds" />
    <tex name="particle/texture/ts_wjianyin_001.dds" />
    <tex name="particle/texture/ts_wjianyin_001.dds" />
    <tex name="particle/texture/ts_wjianyin_001.dds" />
    <tex name="particle/texture/ts_wjianyin_001.dds" />
    <tex name="particle/texture/ts_wjianyin_001.dds" />
    <tex name="particle/texture/ts_wjianyin_001.dds" />
    <tex name="particle/texture/ts_wjianyin_001.dds" />
    <tex name="particle/texture/ts_wjianyin_001.dds" />
    <tex name="particle/texture/ts_wjianyin_001.dds" />
    <tex name="particle/texture/ts_wjianyin_001.dds" />
    <tex name="particle/texture/ts_wjianyin_001.dds" />
    <tex name="particle/texture/ts_wjianyin_001.dds" />
    <tex name="particle/texture/ts_wjianyin_001.dds" />
    <tex name="particle/texture/ts_wjianyin_001.dds" />
    <tex name="particle/texture/ts_wjianyin_001.dds" />
    <tex name="particle/texture/ts_wjianyin_001.dds" />
    <tex name="particle/texture/ts_wjianyin_001.dds" />
    <tex name="particle/texture/ts_wjianyin_001.dds" />
    <tex name="particle/texture/ts_wjianyin_001.dds" />
    <tex name="particle/texture/ts_wjianyin_001.dds" />
    <tex name="particle/texture/ts_wjianyin_001.dds" />
    <tex name="particle/texture/ts_wjianyin_001.dds" />
    <tex name="particle/texture/ts_wjianyin_001.dds" />
    <tex name="particle/texture/ts_wjianyin_001.dds" />
    <tex name="particle/texture/ts_wjianyin_001.dds" />
    <tex name="particle/texture/ts_wjianyin_001.dds" />
    <tex name="particle/texture/ts_wjianyin_001.dds" />
    <tex name="particle/texture/ts_wjianyin_001.dds" />
    <tex name="particle/texture/ts_wjianyin_001.dds" />
    <tex name="particle/texture/ts_wjianyin_001.dds" />
    <tex name="particle/texture/ts_wjianyin_001.dds" />
    <tex name="particle/texture/ts_wjianyin_001.dds" />
    <tex name="particle/texture/ts_wjianyin_001.dds" />
    <tex name="particle/texture/ts_wjianyin_001.dds" />
    <tex name="particle/texture/ts_wjianyin_001.dds" />
    <tex name="particle/texture/ts_wjianyin_001.dds" />
    <tex name="particle/texture/ts_wjianyin_001.dds" />
    <tex name="particle/texture/ts_wjianyin_001.dds" />
    <tex name="particle/texture/ts_wjianyin_001.dds" />
    <tex name="particle/texture/ts_wjianyin_001.dds" />
    <tex name="particle/texture/ts_wjianyin_001.dds" />
    <tex name="particle/texture/ts_wjianyin_001.dds" />
    <tex name="particle/texture/ts_wjianyin_001.dds" />
    <tex name="particle/texture/ts_wjianyin_001.dds" />
    <tex name="particle/texture/ts_wjianyin_001.dds" />
    <tex name="particle/texture/ts_wjianyin_001.dds" />
    <tex name="particle/texture/ts_wjianyin_001.dds" />
    <tex name="particle/texture/ts_wjianyin_001.dds" />
    <tex name="particle/texture/ts_wjianyin_001.dds" />
    <tex name="particle/texture/ts_wjianyin_001.dds" />
    <tex name="particle/texture/ts_wjianyin_001.dds" />
    <tex name="particle/texture/ts_wjianyin_001.dds" />
    <tex name="particle/texture/ts_wjianyin_001.dds" />
    <tex name="particle/texture/ts_wjianyin_001.dds" />
    <tex name="particle/texture/ts_wjianyin_001.dds" />
    <tex name="particle/texture/ts_wjianyin_001.dds" />
    <tex name="particle/texture/ts_wjianyin_001.dds" />
    <tex name="particle/texture/ts_wjianyin_001.dds" />
    <tex name="particle/texture/ts_wjianyin_001.dds" />
    <tex name="particle/texture/ts_wjianyin_001.dds" />
    <tex name="particle/texture/ts_wjianyin_001.dds" />
  </texlist>
  <texlist name="particle/tlt/ts_wshandian_001.tlt">
    <tex name="particle/texture/ts_wshandian_001.dds" />
    <tex name="particle/texture/ts_wshandian_001.dds" />
    <tex name="particle/texture/ts_wshandian_001.dds" />
    <tex name="particle/texture/ts_wshandian_001.dds" />
    <tex name="particle/texture/ts_wshandian_001.dds" />
    <tex name="particle/texture/ts_wshandian_001.dds" />
    <tex name="particle/texture/ts_wshandian_001.dds" />
    <tex name="particle/texture/ts_wshandian_001.dds" />
    <tex name="particle/texture/ts_wshandian_001.dds" />
    <tex name="particle/texture/ts_wshandian_001.dds" />
    <tex name="particle/texture/ts_wshandian_001.dds" />
    <tex name="particle/texture/ts_wshandian_001.dds" />
    <tex name="particle/texture/ts_wshandian_001.dds" />
    <tex name="particle/texture/ts_wshandian_001.dds" />
    <tex name="particle/texture/ts_wshandian_001.dds" />
    <tex name="particle/texture/ts_wshandian_001.dds" />
  </texlist>
  <texlist name="particle/tlt/ts_wshandian_002.tlt">
    <tex name="particle/texture/ts_wshandian_002.dds" />
    <tex name="particle/texture/ts_wshandian_002.dds" />
    <tex name="particle/texture/ts_wshandian_002.dds" />
    <tex name="particle/texture/ts_wshandian_002.dds" />
    <tex name="particle/texture/ts_wshandian_002.dds" />
    <tex name="particle/texture/ts_wshandian_002.dds" />
    <tex name="particle/texture/ts_wshandian_002.dds" />
    <tex name="particle/texture/ts_wshandian_002.dds" />
  </texlist>
  <texlist name="particle/tlt/ts_wshandian_003.tlt">
    <tex name="particle/texture/ts_wshandian_003.dds" />
    <tex name="particle/texture/ts_wshandian_003.dds" />
    <tex name="particle/texture/ts_wshandian_003.dds" />
    <tex name="particle/texture/ts_wshandian_003.dds" />
    <tex name="particle/texture/ts_wshandian_003.dds" />
    <tex name="particle/texture/ts_wshandian_003.dds" />
    <tex name="particle/texture/ts_wshandian_003.dds" />
    <tex name="particle/texture/ts_wshandian_003.dds" />
    <tex name="particle/texture/ts_wshandian_003.dds" />
    <tex name="particle/texture/ts_wshandian_003.dds" />
    <tex name="particle/texture/ts_wshandian_003.dds" />
    <tex name="particle/texture/ts_wshandian_003.dds" />
    <tex name="particle/texture/ts_wshandian_003.dds" />
    <tex name="particle/texture/ts_wshandian_003.dds" />
    <tex name="particle/texture/ts_wshandian_003.dds" />
    <tex name="particle/texture/ts_wshandian_003.dds" />
  </texlist>
  <texlist name="particle/tlt/ts_wshandian_004.tlt">
    <tex name="particle/texture/ts_wshandian_004.dds" />
    <tex name="particle/texture/ts_wshandian_004.dds" />
    <tex name="particle/texture/ts_wshandian_004.dds" />
    <tex name="particle/texture/ts_wshandian_004.dds" />
    <tex name="particle/texture/ts_wshandian_004.dds" />
    <tex name="particle/texture/ts_wshandian_004.dds" />
    <tex name="particle/texture/ts_wshandian_004.dds" />
    <tex name="particle/texture/ts_wshandian_004.dds" />
  </texlist>
  <texlist name="particle/tlt/ts_wshandian_005.tlt">
    <tex name="particle/texture/ts_wshandian_005.dds" />
    <tex name="particle/texture/ts_wshandian_005.dds" />
    <tex name="particle/texture/ts_wshandian_005.dds" />
    <tex name="particle/texture/ts_wshandian_005.dds" />
    <tex name="particle/texture/ts_wshandian_005.dds" />
    <tex name="particle/texture/ts_wshandian_005.dds" />
  </texlist>
  <texlist name="particle/tlt/ts_wshui_001.tlt">
    <tex name="particle/texture/ts_wshui_001.dds" />
    <tex name="particle/texture/ts_wshui_001.dds" />
    <tex name="particle/texture/ts_wshui_001.dds" />
    <tex name="particle/texture/ts_wshui_001.dds" />
    <tex name="particle/texture/ts_wshui_001.dds" />
    <tex name="particle/texture/ts_wshui_001.dds" />
    <tex name="particle/texture/ts_wshui_001.dds" />
    <tex name="particle/texture/ts_wshui_001.dds" />
    <tex name="particle/texture/ts_wshui_001.dds" />
    <tex name="particle/texture/ts_wshui_001.dds" />
    <tex name="particle/texture/ts_wshui_001.dds" />
    <tex name="particle/texture/ts_wshui_001.dds" />
    <tex name="particle/texture/ts_wshui_001.dds" />
    <tex name="particle/texture/ts_wshui_001.dds" />
    <tex name="particle/texture/ts_wshui_001.dds" />
  </texlist>
  <texlist name="particle/tlt/ts_wshui_002.tlt">
    <tex name="particle/texture/ts_wshui_002.dds" />
    <tex name="particle/texture/ts_wshui_002.dds" />
    <tex name="particle/texture/ts_wshui_002.dds" />
    <tex name="particle/texture/ts_wshui_002.dds" />
    <tex name="particle/texture/ts_wshui_002.dds" />
    <tex name="particle/texture/ts_wshui_002.dds" />
    <tex name="particle/texture/ts_wshui_002.dds" />
    <tex name="particle/texture/ts_wshui_002.dds" />
    <tex name="particle/texture/ts_wshui_002.dds" />
    <tex name="particle/texture/ts_wshui_002.dds" />
    <tex name="particle/texture/ts_wshui_002.dds" />
    <tex name="particle/texture/ts_wshui_002.dds" />
    <tex name="particle/texture/ts_wshui_002.dds" />
    <tex name="particle/texture/ts_wshui_002.dds" />
    <tex name="particle/texture/ts_wshui_002.dds" />
  </texlist>
  <texlist name="particle/tlt/ts_wshui_003.tlt">
    <tex name="particle/texture/ts_wshui_003.dds" />
    <tex name="particle/texture/ts_wshui_003.dds" />
    <tex name="particle/texture/ts_wshui_003.dds" />
    <tex name="particle/texture/ts_wshui_003.dds" />
    <tex name="particle/texture/ts_wshui_003.dds" />
    <tex name="particle/texture/ts_wshui_003.dds" />
    <tex name="particle/texture/ts_wshui_003.dds" />
    <tex name="particle/texture/ts_wshui_003.dds" />
    <tex name="particle/texture/ts_wshui_003.dds" />
    <tex name="particle/texture/ts_wshui_003.dds" />
    <tex name="particle/texture/ts_wshui_003.dds" />
    <tex name="particle/texture/ts_wshui_003.dds" />
    <tex name="particle/texture/ts_wshui_003.dds" />
    <tex name="particle/texture/ts_wshui_003.dds" />
    <tex name="particle/texture/ts_wshui_003.dds" />
  </texlist>
  <texlist name="particle/tlt/ts_wshui_004.tlt">
    <tex name="particle/texture/ts_wshui_004.dds" />
    <tex name="particle/texture/ts_wshui_004.dds" />
    <tex name="particle/texture/ts_wshui_004.dds" />
    <tex name="particle/texture/ts_wshui_004.dds" />
    <tex name="particle/texture/ts_wshui_004.dds" />
    <tex name="particle/texture/ts_wshui_004.dds" />
    <tex name="particle/texture/ts_wshui_004.dds" />
    <tex name="particle/texture/ts_wshui_004.dds" />
    <tex name="particle/texture/ts_wshui_004.dds" />
    <tex name="particle/texture/ts_wshui_004.dds" />
    <tex name="particle/texture/ts_wshui_004.dds" />
    <tex name="particle/texture/ts_wshui_004.dds" />
    <tex name="particle/texture/ts_wshui_004.dds" />
    <tex name="particle/texture/ts_wshui_004.dds" />
    <tex name="particle/texture/ts_wshui_004.dds" />
    <tex name="particle/texture/ts_wshui_004.dds" />
  </texlist>
  <texlist name="particle/tlt/ts_wshui_005.tlt">
    <tex name="particle/texture/ts_wshui_005.dds" />
    <tex name="particle/texture/ts_wshui_005.dds" />
    <tex name="particle/texture/ts_wshui_005.dds" />
    <tex name="particle/texture/ts_wshui_005.dds" />
  </texlist>
  <texlist name="particle/tlt/ts_wshui_007.tlt">
    <tex name="particle/texture/ts_wshui_007.dds" />
    <tex name="particle/texture/ts_wshui_007.dds" />
    <tex name="particle/texture/ts_wshui_007.dds" />
    <tex name="particle/texture/ts_wshui_007.dds" />
    <tex name="particle/texture/ts_wshui_007.dds" />
  </texlist>
  <texlist name="particle/tlt/ts_wtishi_001.tlt">
    <tex name="particle/texture/ts_wtishi_001.dds" />
    <tex name="particle/texture/ts_wtishi_001.dds" />
    <tex name="particle/texture/ts_wtishi_001.dds" />
    <tex name="particle/texture/ts_wtishi_001.dds" />
    <tex name="particle/texture/ts_wtishi_001.dds" />
    <tex name="particle/texture/ts_wtishi_001.dds" />
    <tex name="particle/texture/ts_wtishi_001.dds" />
    <tex name="particle/texture/ts_wtishi_001.dds" />
    <tex name="particle/texture/ts_wtishi_001.dds" />
    <tex name="particle/texture/ts_wtishi_001.dds" />
  </texlist>
  <texlist name="particle/tlt/ts_wxingxiu_002.tlt">
    <tex name="particle/texture/ts_wxingxiu_001.dds" />
  </texlist>
  <texlist name="particle/tlt/ts_wxingxiu_003.tlt">
    <tex name="particle/texture/ts_wxingxiu_001.dds" />
  </texlist>
  <texlist name="particle/tlt/ts_wxingxiu_004.tlt">
    <tex name="particle/texture/ts_wxingxiu_001.dds" />
  </texlist>
  <texlist name="particle/tlt/ts_wxingxiu_005.tlt">
    <tex name="particle/texture/ts_wxingxiu_001.dds" />
  </texlist>
  <texlist name="particle/tlt/ts_wxingxiu_006.tlt">
    <tex name="particle/texture/ts_wxingxiu_001.dds" />
  </texlist>
  <texlist name="particle/tlt/ts_wxingxiu_007.tlt">
    <tex name="particle/texture/ts_wxingxiu_001.dds" />
  </texlist>
  <texlist name="particle/tlt/ts_wxingxiu_008.tlt">
    <tex name="particle/texture/ts_wxingxiu_001.dds" />
  </texlist>
  <texlist name="particle/tlt/ts_wxingxiu_009.tlt">
    <tex name="particle/texture/ts_wxingxiu_001.dds" />
  </texlist>
  <texlist name="particle/tlt/ts_wxingxiu_010.tlt">
    <tex name="particle/texture/ts_wxingxiu_001.dds" />
  </texlist>
  <texlist name="particle/tlt/ts_wxingxu_001.tlt">
    <tex name="particle/texture/ts_wxingxu_001.dds" />
    <tex name="particle/texture/ts_wxingxu_001.dds" />
    <tex name="particle/texture/ts_wxingxu_001.dds" />
    <tex name="particle/texture/ts_wxingxu_001.dds" />
    <tex name="particle/texture/ts_wxingxu_001.dds" />
    <tex name="particle/texture/ts_wxingxu_001.dds" />
    <tex name="particle/texture/ts_wxingxu_001.dds" />
    <tex name="particle/texture/ts_wxingxu_001.dds" />
    <tex name="particle/texture/ts_wxingxu_001.dds" />
    <tex name="particle/texture/ts_wxingxu_001.dds" />
    <tex name="particle/texture/ts_wxingxu_001.dds" />
    <tex name="particle/texture/ts_wxingxu_001.dds" />
    <tex name="particle/texture/ts_wxingxu_001.dds" />
    <tex name="particle/texture/ts_wxingxu_001.dds" />
    <tex name="particle/texture/ts_wxingxu_001.dds" />
    <tex name="particle/texture/ts_wxingxu_001.dds" />
  </texlist>
  <texlist name="water/st_shui_001/dm_wshui_001.tlt">
    <tex name="water/st_shui_001/dm_wshui_001.dds" />
    <tex name="water/st_shui_001/dm_wshui_002.dds" />
    <tex name="water/st_shui_001/dm_wshui_003.dds" />
    <tex name="water/st_shui_001/dm_wshui_004.dds" />
    <tex name="water/st_shui_001/dm_wshui_005.dds" />
    <tex name="water/st_shui_001/dm_wshui_006.dds" />
    <tex name="water/st_shui_001/dm_wshui_007.dds" />
    <tex name="water/st_shui_001/dm_wshui_008.dds" />
    <tex name="water/st_shui_001/dm_wshui_009.dds" />
    <tex name="water/st_shui_001/dm_wshui_010.dds" />
    <tex name="water/st_shui_001/dm_wshui_011.dds" />
    <tex name="water/st_shui_001/dm_wshui_012.dds" />
    <tex name="water/st_shui_001/dm_wshui_013.dds" />
    <tex name="water/st_shui_001/dm_wshui_014.dds" />
    <tex name="water/st_shui_001/dm_wshui_015.dds" />
    <tex name="water/st_shui_001/dm_wshui_016.dds" />
    <tex name="water/st_shui_001/dm_wshui_017.dds" />
    <tex name="water/st_shui_001/dm_wshui_018.dds" />
    <tex name="water/st_shui_001/dm_wshui_019.dds" />
    <tex name="water/st_shui_001/dm_wshui_020.dds" />
    <tex name="water/st_shui_001/dm_wshui_021.dds" />
    <tex name="water/st_shui_001/dm_wshui_022.dds" />
    <tex name="water/st_shui_001/dm_wshui_023.dds" />
    <tex name="water/st_shui_001/dm_wshui_024.dds" />
    <tex name="water/st_shui_001/dm_wshui_025.dds" />
    <tex name="water/st_shui_001/dm_wshui_026.dds" />
    <tex name="water/st_shui_001/dm_wshui_027.dds" />
    <tex name="water/st_shui_001/dm_wshui_028.dds" />
    <tex name="water/st_shui_001/dm_wshui_029.dds" />
    <tex name="water/st_shui_001/dm_wshui_030.dds" />
  </texlist>
</root>