<?xml version="1.0"?>
<!DOCTYPE binary_file_format SYSTEM "BinaryFileFormat.dtd">
<binary_file_format name="Default" type_name="" comment="">
	<define_struct type_name="animChunk" comment="" expr="">
		<data type="int" name="flag" len="2" format="signed" display=""/>
		<data type="int" name="sub6Size" len="4" format="signed" display=""/>
		<jump offset="0" comment="" origin="current">
			<struct name="sub7" type_name="" comment="" expr="">
				<data type="none" name="unk" len="3"/>
				<data type="int" name="sub7Size" len="4" format="signed" display=""/>
				<jump offset="0" comment="" origin="current">
					<for name="slot" count="8" stop_test="" type_name="" comment="">
						<struct name="" type_name="" comment="" expr="">
							<data type="int" name="flag" len="1" format="signed" display=""/>
							<data type="int" name="keyId" len="1" format="signed" display=""/>
							<data type="int" name="sub8Size" len="4" format="signed" display=""/>
							<jump offset="0" comment="" origin="current">
								<struct name="sub8" type_name="" comment="" expr="">
									<data type="int" name="flag2" len="1" format="signed" display=""/>
									<data type="int" name="flag3" len="1" format="signed" display=""/>
									<data type="int" name="sub9Size" len="4" format="signed" display=""/>
									<jump offset="0" comment="" origin="current">
										<struct name="sub9" type_name="" comment="" expr="">
											<data type="none" name="unkw" len="3"/>
											<data type="int" name="keyCnt" len="4" format="signed" display=""/>
											<if test="keyCnt &gt; 0" comment="">
												<struct name="keyDat" type_name="" comment="" expr="">
													<data type="int" name="perKeySize" len="1" format="signed" display=""/>
													<data type="int" name="flag5" len="1" format="signed" display=""/>
													<data type="int" name="keyDataSize" len="perKeySize==0?1:2" format="signed" display=""/>
													<data type="none" name="keyData" len="keyDataSize"/>
												</struct>
											</if>
										</struct>
									</jump>
									<data type="none" name="sub9Data" len="sub9Size"/>
								</struct>
							</jump>
							<data type="none" name="sub8Data" len="sub8Size"/>
						</struct>
					</for>
				</jump>
				<data type="none" name="sub7Data" len="sub7Size"/>
			</struct>
		</jump>
		<data type="none" name="sub6Data" len="sub6Size"/>
	</define_struct>
	<jump offset="0x42799" comment="" origin="start">
		<struct name="sub1" type_name="" comment="" expr="">
			<data type="none" name="sig" len="3"/>
			<data type="int" name="sub1Size" len="4" format="signed" display=""/>
			<jump offset="0" comment="" origin="current">
				<struct name="sub2" type_name="" comment="" expr="">
					<data type="none" name="sig" len="3"/>
					<data type="int" name="sub2Size" len="4" format="signed" display=""/>
					<jump offset="0" comment="" origin="current">
						<struct name="sub3" type_name="" comment="" expr="">
							<data type="none" name="sig" len="3"/>
							<data type="int" name="animGroupCnt" len="4" format="signed" display=""/>
							<for name="anim" count="animGroupCnt" stop_test="" type_name="" comment="">
								<struct name="" type_name="" comment="" expr="">
									<data type="int" name="unk0" len="2" format="signed" display=""/>
									<data type="int" name="sub3Size" len="4" format="signed" display=""/>
									<jump offset="0" comment="" origin="current">
										<struct name="sub4" type_name="" comment="" expr="{this.animGroupName}">
											<data type="none" name="sig" len="3"/>
											<data type="int" name="nameLen" len="1" format="signed" display=""/>
											<data type="string" name="animGroupName" format="ascii" len="nameLen" display=""/>
											<data type="none" name="skip1" len="4"/>
											<data type="int" name="timeEnd" len="2" format="signed" display=""/>
											<data type="none" name="skip2" len="4"/>
											<data type="int" name="unkFlag" len="1" format="signed" display=""/>
											<data type="none" name="sig2" len="3"/>
											<data type="int" name="sub4Size" len="4" format="signed" display=""/>
											<data type="none" name="sub4Data" len="sub4Size"/>
											<data type="none" name="sig3" len="3"/>
											<data type="int" name="sub5Size" len="4" format="signed" display=""/>
											<jump offset="0" comment="" origin="current">
												<struct name="sub5" type_name="" comment="" expr="">
													<data type="none" name="sig" len="3"/>
													<data type="int" name="animBoneCnt" len="4" format="signed" display=""/>
													<for name="curve" count="animBoneCnt" stop_test="" type_name="" comment="">
														<use_struct name="" expr="" type_name="animChunk" comment=""/>
													</for>
												</struct>
											</jump>
											<data type="none" name="sub5Data" len="sub5Size"/>
										</struct>
									</jump>
									<data type="none" name="sub3Data" len="sub3Size"/>
								</struct>
							</for>
						</struct>
					</jump>
					<data type="none" name="sub2Data" len="sub2Size"/>
				</struct>
			</jump>
			<data type="none" name="sub1Data" len="sub1Size"/>
		</struct>
	</jump>
	<data type="none" name="none"/>
</binary_file_format>
