

<TextureWidth>1024</TextureWidth>
<TextureHeight>1024</TextureHeight>
<IconMaxCountWidth>8</IconMaxCountWidth>
<IconMaxCountHeight>8</IconMaxCountHeight>


<IconNames>
	agriculture; businessservices; cash; electricity;CitySlotEmpty;CityGoto; ; ;
	fuel; heavyindustry; hightech; manufacturing; CityOnline;CityOffline; ; ;
	vacations; waste; water; worker1; ; ; ; ;
	worker2; worker3; worker4; empty_token; ; ; ; ;
	OILS_0; size1; size2; size3; agriculture_off; businessservices_off;cash_off ; electricity_off; 
	size4; size5; size6; size7; fuel_off; heavyindustry_off; hightech_off; manufacturing_off; 
	size8; size9; size10; SNOW_0; vacations_off; waste_off; water_off; worker1_off; 
	BEAC_0; ISLA_0; DSRT_0; AGRI_0; worker2_off; worker3_off; worker4_off; empty_token_off; 
</IconNames>