

<TextureWidth>1024</TextureWidth>
<TextureHeight>1024</TextureHeight>
<IconMaxCountWidth>8</IconMaxCountWidth>
<IconMaxCountHeight>8</IconMaxCountHeight>

<IconNames>
  CitizenIn;CitizenOut;Security;Health;Environment;Education;Utility;SatisUpdate;
  Hotel;FoodRetail;Stock;CompanyBankrupt;Job;WorkerIn;WorkerOut;CompanyDifficulty;
  SkiTrackUnplugged;SkiStationUnplugged;BuildingUnplugged;SkiDomainUnplugged;GemNeedElectricity;GemNeedWasteTreatment;GemNeedWorker;__NONE__;
  TrainStationUnplugged;SeaportUnplugged;RailUnplugged;WaterwayUnplugged
</IconNames>