

<TextureWidth>512</TextureWidth>
<TextureHeight>512</TextureHeight>
<IconMaxCountWidth>8</IconMaxCountWidth>
<IconMaxCountHeight>8</IconMaxCountHeight>

<IconNames>
  ;;;INFO_TREE_DESTRUCTION;ERROR_ROAD_INVALID_JUNCTION;ERROR_ROAD_TOO_SMALL;ERROR_ROAD_ACUTE_ANGLE;ERROR_BUILDING_COLLISION;
  ERROR_ROAD_COLLISION;ERROR_INVALID_TERRAFORMING;ERROR_ROAD_TOO_LONG;ERROR_LAYER_CONSTRAINT;__ERROR__;ERROR_ROAD_SLOPE_TOO_HIGH;ERROR_ZONING_SLOPE_TOO_HIGH;ERROR_ENTITY_INDESTRUCTIBLE;
  ERROR_INVALID_TERRAINDUMMY;ERROR_INVALID_WATERDUMMY;ERROR_MUSTPLACEONTERRAIN;ERROR_MUSTPLACEONWATER;ERROR_FOUNDATIONTOOLOW;ERROR_FOUNDATIONTOOHIGH
</IconNames>
