<Culture>
    <Index>1</Index> 
    <ShortName>All</ShortName>
    <Richness>2</Richness>
    <StandardSalary>200</StandardSalary>

  <!--Sensibilité d'un citoyen envers un véhicule, plus cette valeur est élevée, plus le citoyen aura tendance à l'utiliser-->
  <VehicleSensitivity>
    <Pedestrian>2</Pedestrian>
    <Bus>2</Bus>
  </VehicleSensitivity>
  <!--Temps en secondes de pénalité avant qu'un citoyen puisse utiliser un véhicule-->
  <VehicleTimePenalty>
    <Car>300</Car>
  </VehicleTimePenalty>
  <!--Véhicules autorisés pour la recherche d'un job-->
  <AllowedStartVehicle>
    <Car/>
    <Pedestrian/>
  </AllowedStartVehicle>
  <!--Temps maximum de recherche PF par véhicule-->
  <MaxTimeSearchByVehicle>
    <Car>3600</Car>
    <Pedestrian>1000</Pedestrian>
  </MaxTimeSearchByVehicle>

    <DebugColor>0,68,201</DebugColor>
</Culture>
