<Culture>
    <Index>0</Index> 
    <ShortName>Low</ShortName>
	<Richness>1</Richness>
    <StandardSalary>100</StandardSalary>

  <!--Sensibilité d'un citoyen envers un véhicule, plus cette valeur est élevée, plus le citoyen aura tendance à l'utiliser-->
  <VehicleSensitivity>
    <Pedestrian>2</Pedestrian>
    <Bus>3</Bus>
  </VehicleSensitivity>
  <!--Temps en secondes de pénalité avant qu'un citoyen puisse utiliser un véhicule-->
  <VehicleTimePenalty>
    <Car>300</Car>
  </VehicleTimePenalty>
  <!--Véhicules autorisés pour la recherche d'un job-->
  <AllowedStartVehicle>
    <Car/>
    <Pedestrian/>
  </AllowedStartVehicle>
  <!--Temps maximum de recherche PF par véhicule-->
  <MaxTimeSearchByVehicle>
    <Car>3600</Car>
    <Pedestrian>1000</Pedestrian>
  </MaxTimeSearchByVehicle>
    
    <DebugColor>129,100,0</DebugColor>
</Culture>