<class name="BoundarySettingsDBParameters">
	<inherit name="HeaderObjects" />
	<field name="fWarningTime" type="Float" />
	<field name="fMaximumDistanceOutOfBounds" type="Float" />
	<field name="entBoundary" />
	<field name="entFallbackEntity" />
	<field name="bTeleportToRoadNetwork" type="Boolean" />
	<field name="bUseAutoNavWhenOnFoot" type="Boolean" />
	<field name="availabilityrulegroupAvailabilityRule" />
	<field name="selBoundaryType" type="Enum" />
	<object name="locstridWarningMessage">
		<field name="LocalizationId" type="StringId" />
	</object>
</class>