<class name="ItemsParameters">
	<inherit name="HeaderObjects" />
	<field name="text_itemdescriptorItemDescriptor" type="String" />
	<field name="itemdescriptorItemDescriptor" type="StringId" />
	<object name="ItemDescriptor">
		<field name="discoverysettingsDiscoverySettings" />
		<field name="availabilityrulegroupItemUnlockCondition" />
		<field name="availabilityrulegroupItemShownInMenusCondition" />
		<field name="bIsRewardPartOfMission" type="Boolean" />
		<field name="uPower" type="UInt32" />
		<field name="fDamage" type="Float" />
		<field name="fFiringRate" type="Float" />
		<field name="fRange" type="Float" />
		<field name="fStability" type="Float" />
		<field name="fReload" type="Float" />
		<field name="fAccuracy" type="Float" />
		<field name="weaponWeaponParam" />
		<field name="itemsBulletItem" />
		<field name="texturedbobjectInventoryWheelTexture" />
		<field name="texturedbobjectEquipmentModuleTexture" />
		<field name="texturedbobjectAmmoTexture" />
		<field name="texturedbobjectHeaderImage" />
		<field name="texturedbobjectTileImage" />
		<field name="matoverrideMaterialSetOverride" />
		<field name="bIsSticker" type="Boolean" />
		<field name="colorPaintJobColor" type="Vector3" />
		<field name="bIsInShop" type="Boolean" />
		<field name="itemsItemInBox" />
		<field name="disItemInBoxMaxCountInInventory" />
		<field name="selActivityType" type="Enum" />
		<field name="graphickitmodelModel" />
		<field name="texturedbobjectShopTexture" />
		<field name="fileImagePath" type="String" />
		<field name="fileImagePathPCSpecific" type="String" />
		<field name="fileVideoPath" type="String" />
		<field name="fileVideoPathPCSpecific" type="String" />
		<field name="bForceDisplay" type="Boolean" />
		<field name="uiSellPrice" type="Int32" />
		<field name="fTopSpeed" type="Float" />
		<field name="fAcceleration" type="Float" />
		<field name="fToughness" type="Float" />
		<field name="fHandling" type="Float" />
		<field name="bIsOffroad" type="Boolean" />
		<field name="bUnlockableOnEnter" type="Boolean" />
		<field name="bLockedByDefault" type="Boolean" />
		<field name="itemcategoryPDAAppCategory" />
		<field name="texturedbobjectDefaultImage" />
		<field name="texturedbobjectSelectedImage" />
		<field name="bHasUniquePaintJob" type="Boolean" />
		<field name="sIconTag" type="String" />
		<object name="ItemDescription">
			<field name="selControlSchemeContextType" type="Enum" />
			<field name="selTagsAssociatedType" type="Enum" />
			<field name="selItemULCIconType" type="Enum" />
			<object name="locstridItemNameId">
				<field name="LocalizationId" type="StringId" />
			</object>
			<object name="locstridItemNameIdPCSpecific">
				<field name="LocalizationId" type="StringId" />
			</object>
			<object name="locstridItemDescriptionId">
				<field name="LocalizationId" type="StringId" />
			</object>
			<object name="locstridItemDescriptionPCSpecific">
				<field name="LocalizationId" type="StringId" />
			</object>
			<object name="locstridItemLongDescriptionId">
				<field name="LocalizationId" type="StringId" />
			</object>
			<object name="locstridDedsecAppRewardTag">
				<field name="LocalizationId" type="StringId" />
			</object>
		</object>
		<object name="ProgressionDescription">
			<object name="locstridProgressionName">
				<field name="LocalizationId" type="StringId" />
			</object>
			<object name="locstridProgressionShortDescription">
				<field name="LocalizationId" type="StringId" />
			</object>
			<object name="locstridProgressionLongDescription">
				<field name="LocalizationId" type="StringId" />
			</object>
		</object>
		<object name="InventoryProperties">
			<field name="disItemNotStoredInInventory" />
			<field name="bCanBeAcquiredOnlyOnce" type="Boolean" />
			<field name="bUnlimitedCountInInventory" type="Boolean" />
			<field name="uiMaxCountInInventory">05</field>
			<field name="iCooldownTime" type="Int32" />
		</object>
		<object name="EquipableProperties">
			<field name="selEquippableType" type="Enum" />
		</object>
		<object name="AssetsProperties">
			<field name="fileItemImageFileName" type="String" />
			<field name="sItemIconTextureName" type="String" />
			<field name="text_archItemArchetype" type="String" />
			<field name="archItemArchetype" />
			<field hash="F142C8CF" type="String" />
			<field name="ConstraintForArchetypeLoading" />
		</object>
		<object name="RewardProperties">
			<field name="selLootingFeedbackType" type="Enum" />
			<field name="texturedbobjectRewardIcon" />
			<field name="fileItemTextureName" type="String" />
			<object name="locstridTitleRewardMessage">
				<field name="LocalizationId" type="StringId" />
			</object>
			<object name="locstridDescriptionRewardMessage">
				<field name="LocalizationId" desc="Usually StringId but not in NarrativeRewards.AOINarrativeRewards.MoMa_InterceptedSMS01 because idk" />
			</object>
			<object name="locstridSubtextRewardMessage">
				<field name="LocalizationId" type="StringId" />
			</object>
		</object>
		<object name="ModelPart">
			<field name="hidVersion" />
			<field name="uniqueidnocopyUniqueID" />
			<field name="selPoseDefinitionId" type="Enum" />
			<field name="selPoseDefinitionPathID" />
			<field name="facialposedefinitionExtraFacialPoseDefinition" />
			<field hash="7E23AAAE" type="String" />
			<field name="selVisualModelOverride" type="Enum" />
			<object name="BoneAnchor">
				<field name="selBoneName" />
				<field name="vectorTranslation" />
				<field name="angvecRotation" />
				<field name="vectorNonUniformScale" />
			</object>
		</object>
		<object name="locstridLockedDetails">
			<field name="LocalizationId" type="StringId" />
		</object>
		<object name="locstridManufacturer">
			<field name="LocalizationId" type="StringId" />
		</object>
		<object name="locstridShortcutName">
			<field name="LocalizationId" />
		</object>
		<object name="UniquePaintJob">
			<field name="texturedbobjectUniquePaintJobImage" />
		</object>
		<object name="Quantity">
			<field name="selQuantityType" type="Enum" />
			<field name="uiQuantity" type="Int32" />
		</object>
		<object name="Amount">
			<field name="selQuantityType" type="Enum" />
			<field name="fFactor1000Quantity" type="Float" />
		</object>
		<object name="ActivityChat">
			<field name="bIsChatTrigerredByEvents" type="Boolean" />
			<object name="locsectionidChat">
				<field name="LocalizationId" desc="Same as above, not always StringId" />
			</object>
		</object>
		<object name="ActivityConversation">
			<field hash="1AFF3D7C" type="String" />
			<field name="ConversationBark" />
			<field hash="D2F37DB2" type="String" />
			<field name="ConversationTrigger" />
			<field name="sndOneSidedConvo" />
		</object>
		<object name="ItemList">
			<object name="Item">
				<field name="bUseCandidateRewards" type="Boolean" />
				<field name="bSpawnItem" type="Boolean" />
				<field name="bIsPersistent" type="Boolean" />
				<field name="itemsItemDBObject" />
			</object>
		</object>
	</object>
</class>