<class name="ItemCategoryParameters">
	<inherit name="HeaderObjects" />
	<field name="bEnable" type="Boolean" />
	<field name="sFrameLabel" type="String" />
	<field name="bIsAShopCategory" type="Boolean" />
	<field name="selShopCategoryType" />
	<field name="uCategoryPriority" type="UInt32" />
	<object name="locstridItemCategoryNameId">
		<field name="LocalizationId" type="StringId" />
	</object>
	<object name="locstridItemCategoryDescriptionId">
		<field name="LocalizationId" type="StringId" />
	</object>
</class>