<class name="ShopComponentSettingsParameters">
	<inherit name="HeaderObjects" />
	<field name="uiShopCashMin" />
	<field name="uiShopCashMax" />
	<field name="itemsReward" />
	<field name="isVendingMachine" type="Boolean" />
	<object name="locstridInteractionText">
		<field name="LocalizationId" type="StringId" />
	</object>
	<object name="locstridStealText">
		<field name="LocalizationId" type="StringId" />
	</object>
	<object name="ShopMenu">
		<field name="uimenupageMenuPage" />
	</object>
	<object name="InventoryItems">
		<object name="Item">
			<field name="itemsItem" />
		</object>
	</object>
</class>