<class name="UIMenuPageDBParameters">
	<inherit name="HeaderObjects" />
	<field name="uimenuMenuOwner" />
	<field name="uimenupageParentMenuPage" />
	<field hash="0181730D" type="String" />
	<field name="uimenupagetypeidMenuPage" />
	<field name="uimenutileGridContainer" />
	<field name="uimenutileGridFillerTile" />
	<field name="uimenutileScrollBarTileTemplate" />
	<field name="bShowLoadingFeedback" type="Boolean" />
	<field name="colorLoadingBackgroundColor" />
	<field name="fLoadingBackgroundAlpha" type="Float" />
	<field hash="47322ECC" />
	<object name="DependentFeuFiles">
		<object name="DependentFeuFile">
			<field name="fileDependentFeuFiles" type="String" />
		</object>
	</object>
	<object name="PageProperties">
		<field name="texturedbobjectBackgroundImage" />
		<field name="selCashTileId" />
		<field name="uisoundCantBuySound" />
		<field name="uisoundOpenSound" />
		<field name="uisoundCloseSound" />
		<field name="uisoundNavigationSound" />
		<field name="uisoundSelectSound" />
		<field name="uisoundUnselectSound" />
		<field name="uisoundBackSound" />
		<field name="fItemUnlockTime" type="Float" />
		<field name="selDescriptionPanelTileId" />
		<field name="uimenutileGameSaveSlotsTileTemplate" />
		<field name="u32NumGameSaveSlots" type="UInt32" />
		<field name="selQuitMissionTileId" />
		<field name="selRestartMissionTileId" />
		<field name="selReloadAutosaveTileId" />
		<field name="selQuitOnlineSessionTileId" />
		<field hash="DB780716" />
		<field name="selNewGameTileId" />
		<field name="selContinueTileId" />
		<field name="selUbisoftClubTileId" />
		<field name="selQuitMainMenuTileId" />
		<field name="selQuitToDesktopTileId" />
		<field name="selNewsfeedPanelTileId" />
		<field name="selUbisoftClubPanelTileId" />
		<field name="selPCNewsfeedPanelTileId" />
		<field name="selCarOnDemandFooterTileId" />
		<field name="selCarOnDemandCategoryTileId" />
		<field name="selCarOnDemandHeaderTileId" />
		<field name="uimenutileCarOnDemandVehicleItemTileTemplate" />
		<field name="selCarOnDemandLocationDetailsTileId" />
		<field name="selCarOnDemandVehicleStatsTileId" />
		<field name="selCarOnDemandVehicleDetailsTileId" />
		<field name="selCarOnDemandPageTitleTileId" />
		<field name="uisoundHoldStartSound" />
		<field name="uisoundHoldStopSound" />
		<field name="uisoundPurchaseSound" />
		<field name="uisoundHoldSuccessSound" />
		<field name="uimenutileStickerTileTemplate" />
		<field name="uimenutileColorTileTemplate" />
		<field name="uimenutileDecalCategoryTileTemplate" />
		<field name="uimenutileEmptyDecalItemTileTemplate" />
		<field name="uisoundEquipPaintJobSound" />
		<field name="fHoldToOrderTime" type="Float" />
		<field name="fSuccessTime" type="Float" />
		<field name="uisoundNextPageSound" />
		<field name="uisoundPreviousPageSound" />
		<field name="uisoundEnterPageSound" />
		<field name="uisoundExitPageSound" />
		<field name="uimenupagePaintJobsPage" />
		<field name="uimenutileCarOnDemandPageSwitcherTileId" />
		<field name="uimenutileCarOnDemandPageSwitcherPCTileId" />
		<field name="uimenutileVehicleClassArrowTileTemplate" />
		<field name="uimenutileVehicleClassEmptyTileTemplate" />
		<field name="itemcategoryHeavyItemCategory" />
		<field name="itemcategoryMuscleItemCategory" />
		<field name="itemcategoryOffroadItemCategory" />
		<field name="itemcategorySportsItemCategory" />
		<field name="itemcategoryPerformanceItemCategory" />
		<field name="itemcategoryMotorcycleItemCategory" />
		<field name="itemcategoryStandardItemCategory" />
		<object name="locstridMenuSectionName">
			<field name="LocalizationId" type="StringId" />
		</object>
		<object name="locstridSelect">
			<field name="LocalizationId" type="StringId" />
		</object>
		<object name="locstridAlternateControl">
			<field name="LocalizationId" type="StringId" />
		</object>
		<object name="locstridPurchase">
			<field name="LocalizationId" type="StringId" />
		</object>
		<object name="locstridUnselect">
			<field name="LocalizationId" type="StringId" />
		</object>
		<object hash="4B312F84">
			<field name="LocalizationId" type="StringId" />
		</object>
		<object name="locstridTopSpeedLocId">
			<field name="LocalizationId" type="StringId" />
		</object>
		<object name="locstridAccelerationLocId">
			<field name="LocalizationId" type="StringId" />
		</object>
		<object name="locstridHandlingLocId">
			<field name="LocalizationId" type="StringId" />
		</object>
		<object name="locstridDurabilityLocId">
			<field name="LocalizationId" type="StringId" />
		</object>
		<object name="locstridOrderLocId">
			<field name="LocalizationId" type="StringId" />
		</object>
		<object name="locstridDetailsLocId">
			<field name="LocalizationId" type="StringId" />
		</object>
		<object name="locstridEquipLocId">
			<field name="LocalizationId" type="StringId" />
		</object>
		<object name="locstridGeneralPaintJobLocationLocId">
			<field name="LocalizationId" type="StringId" />
		</object>
		<object name="locstridMenuPageName">
			<field name="LocalizationId" type="StringId" />
		</object>
		<object name="locstridRecentOrdersLocId">
			<field name="LocalizationId" type="StringId" />
		</object>
		<object name="Pages">
			<field name="uimenupageVehicleSelectPage" />
			<field name="uimenupagePaintJobPage" />
		</object>
		<object name="Tiles">
			<field name="uimenutileVehicleClassItemTileTemplate" />
			<field name="uimenutileStickerTileTemplate" />
			<field name="uimenutileColorTileTemplate" />
			<field name="uimenutileDecalCategoryTileTemplate" />
			<field name="uimenutileEmptyDecalItemTileTemplate" />
			<field name="selHeaderTileId" />
			<field name="uimenutileCarDealershipDecalDetailsTileId" />
		</object>
		<object name="DefaultPaintJobSettings">
			<field name="itemcategoryDefaultPaintJobCategory" />
			<field name="colorDefaultPaintJobTileColor" type="Vector3" />
			<field name="texturedbobjectDefaultPaintJobTileImage" />
			<field name="texturedbobjectDefaultPaintJobHeaderImage" />
			<object name="locstridDefaultPaintJobNameLocId">
				<field name="LocalizationId" type="StringId" />
			</object>
		</object>
	</object>
	<object name="Tiles">
		<object name="Tile">
			<field name="uimenutileTile" />
		</object>
	</object>
	<object name="locstridLoadingTextLocId">
		<field name="LocalizationId" type="StringId" />
	</object>
</class>




























