<class name="VehicleSpawnInfoParameters">
	<inherit name="HeaderObjects" />
	<field hash="E6655990" desc="Vehicle Archetype UUID" type="String" />
	<field name="archArchetype" />
	<field name="bIsTraffic" type="Boolean" />
	<field name="bIsParking" type="Boolean" />
	<field name="bIsParkingEnticer" type="Boolean" />
	<field name="bIsBoat" type="Boolean" />
	<field name="selRoadNetworkRailVehicleType" type="Enum">
		<enum name="enumVehicleType">
			<!-- TODO -->
		</enum>
	</field>
	<field name="selVehicleType" type="Enum">
		<enum name="enumVehicleType">
			<!-- TODO -->
		</enum>
	</field>
	<field name="fMaxInitialDeform" type="Float" />
	<field name="fMaxInitialScratches" type="Float" />
	<field name="bOverrideDirtValues" type="Boolean" />
	<field hash="5600CEFE" desc="File name in hex (again)" type="String" />
	<object name="TrafficSpawningContexts" />
	<object name="Parking">
		<field name="fBaseParkingAngle" type="Float" />
		<field name="fRandomParkingAngle" type="Float" />
		<field name="fRandomParkingOffsetLow" type="Float" />
		<field name="fRandomParkingOffsetHigh" type="Float" />
	</object>
	<object name="Spawning">
		<field name="fCoolDown" type="Float" />
	</object>
	<object name="Passenger">
		<object name="PassengerSpec">
			<field hash="E4C8C438" />
			<field hash="971E88CF" />
		</object>
		<object name="PeopleSpawnInfo">
			<field hash="6BC07341" />
			<field hash="BE4849E0" />
		</object>
	</object>
</class>