<class name="WeaponParameters">
	<inherit name="HeaderObjects" />
	<field name="selShootingType" type="Enum" />
	<field name="selWeaponPerkType" type="Enum" />
	<field hash="509F74A0" />
	<field name="bManualEnableAutomatic" type="Boolean" />
	<field name="iManualAutomaticBulletsMax" type="Int32" />
	<field hash="B57129AE" />
	<field hash="FB8BF67C" />
	<field hash="86DFBDDC" />
	<field name="itemsBulletItem" />
	<field name="fBulletsPerClip" type="Int32" />
	<field hash="25E68253" />
	<field name="fRateOfFire" type="Float" />
	<field name="fRateOfFireVehicleMultiplier" type="Float" />
	<field name="iReloadAlertMinBullets" type="Int32" />
	<field name="fShootingRange" type="Float" />
	<field name="fPrecisionRange" type="Float" />
	<field name="fPrecisionSpreadAngle" type="Float" />
	<field name="fBulletDamageDistanceStartDistance" type="Float" />
	<field name="fBulletDamageDistanceStartDamage" type="Float" />
	<field name="fBulletDamageDistanceEndDistance" type="Float" />
	<field name="fBulletDamageDistanceEndDamage" type="Float" />
	<field name="bDestroysVehicleParts" type="Boolean" />
	<field name="fImpactStrengthDistanceStartDistance" type="Float" />
	<field name="fImpactStrengthDistanceStartStrength" type="Float" />
	<field name="fImpactStrengthDistanceEndDistance" type="Float" />
	<field name="fImpactStrengthDistanceEndStrength" type="Float" />
	<field name="iPierceStrength" type="Int32" />
	<field name="iMinPiercingStrengthToDamage" type="Int32" />
	<field hash="C1FDDB32" type="Int32" />
	<field hash="75CA1F76" />
	<field name="nTracesRatio" />
	<field name="fAccuracyModifier" type="Float" />
	<field name="fBulletSpreadAngle" type="Float" />
	<field name="fbulletImpactDelay" type="Float" />
	<field name="fbulletImpactDelayAtMaxDistance" type="Float" />
	<field name="bDisplayReticleBetweenRateOfFire" type="Boolean" />
	<field name="fLaserSightNoiseRangeX" type="Float" />
	<field name="fLaserSightNoiseRangeY" type="Float" />
	<field name="fLaserSightNoiseSpeedMultiplier" type="Float" />
	<field name="bCanHaveAutoHackBullet" type="Boolean" />
	<field name="bCanHaveTaggingBullet" type="Boolean" />
	<field name="sndFireSound" />
	<field name="sndMovingPartSound" />
	<field name="D5421BAE" type="String" />
	<field name="sndFireAutomaticModeStartSound" />
	<field name="A1895019A1895019" type="String" />
	<field name="sndFireAutomaticModeStopSound" />
	<field name="fDistantSoundDistance" type="Float" />
	<field name="sndDistantFireSound" />
	<field name="sndDistantFireAutomaticModeStartSound" />
	<field name="sndDistantFireAutomaticModeStopSound" />
	<field name="sndFireNoAmmoSound" />
	<field name="sndPressTriggerSound" />
	<field name="sndReloadSound" />
	<field name="sndOnReloadCurvePushedSound" />
	<field name="sndTakeOutSound" />
	<field name="sndHolsterSound" />
	<field hash="BFB9927B" type="String" />
	<field name="sndBulletWizzSound" />
	<field hash="F5C96FC6" />
</class>