<class name="WeatherPresetParameters">
	<inherit name="HeaderObjects" />
	<field name="envweatherpresetCinematicOverride" />
	<object name="AutoExposure">
		<field name="fExposureMin" type="Float" />
		<field name="fExposureMax" type="Float" />
		<field name="fDownwardAdaptationTimeScale" type="Float" />
		<field name="fUpwardAdaptationTimeScale" type="Float" />
		<field name="fAdaptationSpeedFactor" type="Float" />
		<field name="fMesurementHotSpot" type="Float" />
		<field name="bEnableExposureOverride" type="Boolean" />
		<field name="fExposureOverride" type="Float" />
		<field name="uiColorGradingMoodIndex" />
		<object name="curveExposureRetarget">
			<field name="hidNumKnots" />
			<object name="Knots">
				<object name="Knot">
					<field name="Value" />
					<field name="Info" />
					<field name="Type" />
				</object>
			</object>
		</object>
	</object>
	<object name="FogSettings">
		<field name="fTendrilUScrolling" type="Float" />
		<field name="fTendrilVScrolling" type="Float" />
		<field name="fTendrilHeight" type="Float" />
		<field name="fTendrilFadeOutStart" type="Float" />
		<field name="fTendrilFadeOutEnd" type="Float" />
		<field name="fTendrilMask01UScrolling" type="Float" />
		<field name="fTendrilMask01VScrolling" type="Float" />
		<field name="fTurbulenceUScrolling" type="Float" />
		<field name="fTurbulenceVScrolling" type="Float" />
		<field name="fTurbulenceHeight" type="Float" />
		<field name="fTurbulenceFadeOutStart" type="Float" />
		<field name="fTurbulenceFadeOutEnd" type="Float" />
		<field name="fTurbulenceMask01UScrolling" type="Float" />
		<field name="fTurbulenceMask01VScrolling" type="Float" />
		<field name="fFog3DNoiseStartFadeOut" type="Float" />
		<field name="fFog3DNoiseEndFadeOut" type="Float" />
		<field name="fFog3DNoiseUScrolling" type="Float" />
		<field name="fFog3DNoiseVScrolling" type="Float" />
		<field name="fFog3DNoiseWScrolling" type="Float" />
		<field name="clrAlbedo" />
		<field name="fVolumetricFogClouds" type="Float" />
		<field name="fLocalLightIntensity" type="Float" />
		<field name="fVolumetricFogGIIntensity" type="Float" />
		<field name="fFogRegionIntensity" type="Float" />
		<field name="fGIFadeOutDistance" type="Float" />
		<field name="fGIMaxDistance" type="Float" />
		<field name="fTopFogFadeOutDistance" type="Float" />
		<field name="fTopFogMaxDistance" type="Float" />
		<field name="fSunVisibilityTestRadius" type="Float" />
		<field name="fSunVisibilityBlendRate" type="Float" />
		<object name="curveFVDensity">
			<field name="hidNumKnots" />
			<object name="Knots">
				<object name="Knot">
					<field name="Value" />
					<field name="Info" />
					<field name="Type" />
				</object>
			</object>
		</object>
		<object name="curveFVDensityAttenuationRange">
			<field name="hidNumKnots" />
			<object name="Knots">
				<object name="Knot">
					<field name="Value" />
					<field name="Info" />
					<field name="Type" />
				</object>
			</object>
		</object>
		<object name="curveFVSunExtinction">
			<field name="hidNumKnots" />
			<object name="Knots">
				<object name="Knot">
					<field name="Value" />
					<field name="Info" />
					<field name="Type" />
				</object>
			</object>
		</object>
		<object name="curveFVScattering">
			<field name="hidNumKnots" />
			<object name="Knots">
				<object name="Knot">
					<field name="Value" />
					<field name="Info" />
					<field name="Type" />
				</object>
			</object>
		</object>
		<object name="curveFVFlowInFactor">
			<field name="hidNumKnots" />
			<object name="Knots">
				<object name="Knot">
					<field name="Value" />
					<field name="Info" />
					<field name="Type" />
				</object>
			</object>
		</object>
		<object name="curveScattering">
			<field name="hidNumKnots" />
			<object name="Knots">
				<object name="Knot">
					<field name="Value" />
					<field name="Info" />
					<field name="Type" />
				</object>
			</object>
		</object>
		<object name="curveExtinction">
			<field name="hidNumKnots" />
			<object name="Knots">
				<object name="Knot">
					<field name="Value" />
					<field name="Info" />
					<field name="Type" />
				</object>
			</object>
		</object>
		<object name="curvePhase">
			<field name="hidNumKnots" />
			<object name="Knots">
				<object name="Knot">
					<field name="Value" />
					<field name="Info" />
					<field name="Type" />
				</object>
			</object>
		</object>
		<object name="curveBaseFogIntensity">
			<field name="hidNumKnots" />
			<object name="Knots">
				<object name="Knot">
					<field name="Value" />
					<field name="Info" />
					<field name="Type" />
				</object>
			</object>
		</object>
		<object name="curveLayeredFogIntensity">
			<field name="hidNumKnots" />
			<object name="Knots">
				<object name="Knot">
					<field name="Value" />
					<field name="Info" />
					<field name="Type" />
				</object>
			</object>
		</object>
		<object name="curveFogHeightIntensityBoost">
			<field name="hidNumKnots" />
			<object name="Knots">
				<object name="Knot">
					<field name="Value" />
					<field name="Info" />
					<field name="Type" />
				</object>
			</object>
		</object>
		<object name="curveFogOpacityIntensityBoost">
			<field name="hidNumKnots" />
			<object name="Knots">
				<object name="Knot">
					<field name="Value" />
					<field name="Info" />
					<field name="Type" />
				</object>
			</object>
		</object>
		<object name="curveTendrilIntensity">
			<field name="hidNumKnots" />
			<object name="Knots">
				<object name="Knot">
					<field name="Value" />
					<field name="Info" />
					<field name="Type" />
				</object>
			</object>
		</object>
		<object name="curveTendrilMask01Intensity">
			<field name="hidNumKnots" />
			<object name="Knots">
				<object name="Knot">
					<field name="Value" />
					<field name="Info" />
					<field name="Type" />
				</object>
			</object>
		</object>
		<object name="curveTurbulenceIntensity">
			<field name="hidNumKnots" />
			<object name="Knots">
				<object name="Knot">
					<field name="Value" />
					<field name="Info" />
					<field name="Type" />
				</object>
			</object>
		</object>
		<object name="curveTurbulenceMask01Intensity">
			<field name="hidNumKnots" />
			<object name="Knots">
				<object name="Knot">
					<field name="Value" />
					<field name="Info" />
					<field name="Type" />
				</object>
			</object>
		</object>
		<object name="curveFog3DBlendFactor">
			<field name="hidNumKnots" />
			<object name="Knots">
				<object name="Knot">
					<field name="Value" />
					<field name="Info" />
					<field name="Type" />
				</object>
			</object>
		</object>
		<object name="curveFogFadeInStartDistance">
			<field name="hidNumKnots" />
			<object name="Knots">
				<object name="Knot">
					<field name="Value" />
					<field name="Info" />
					<field name="Type" />
				</object>
			</object>
		</object>
		<object name="curveFogFadeInEndDistance">
			<field name="hidNumKnots" />
			<object name="Knots">
				<object name="Knot">
					<field name="Value" />
					<field name="Info" />
					<field name="Type" />
				</object>
			</object>
		</object>
		<object name="curveOutOfRangeFogHeightMax">
			<field name="hidNumKnots" />
			<object name="Knots">
				<object name="Knot">
					<field name="Value" />
					<field name="Info" />
					<field name="Type" />
				</object>
			</object>
		</object>
		<object name="curveOutOfRangeFogHeightMin">
			<field name="hidNumKnots" />
			<object name="Knots">
				<object name="Knot">
					<field name="Value" />
					<field name="Info" />
					<field name="Type" />
				</object>
			</object>
		</object>
		<object name="curveOutOfRangeFogHeightDensity">
			<field name="hidNumKnots" />
			<object name="Knots">
				<object name="Knot">
					<field name="Value" />
					<field name="Info" />
					<field name="Type" />
				</object>
			</object>
		</object>
		<object name="curveBottomDensity">
			<field name="hidNumKnots" />
			<object name="Knots">
				<object name="Knot">
					<field name="Value" />
					<field name="Info" />
					<field name="Type" />
				</object>
			</object>
		</object>
		<object name="curveBottomHeightFalloff">
			<field name="hidNumKnots" />
			<object name="Knots">
				<object name="Knot">
					<field name="Value" />
					<field name="Info" />
					<field name="Type" />
				</object>
			</object>
		</object>
		<object name="curveBottomHeightBase">
			<field name="hidNumKnots" />
			<object name="Knots">
				<object name="Knot">
					<field name="Value" />
					<field name="Info" />
					<field name="Type" />
				</object>
			</object>
		</object>
		<object name="curveTopDensity">
			<field name="hidNumKnots" />
			<object name="Knots">
				<object name="Knot">
					<field name="Value" />
					<field name="Info" />
					<field name="Type" />
				</object>
			</object>
		</object>
		<object name="curveTopHeightFalloff">
			<field name="hidNumKnots" />
			<object name="Knots">
				<object name="Knot">
					<field name="Value" />
					<field name="Info" />
					<field name="Type" />
				</object>
			</object>
		</object>
		<object name="curveTopHeightBase">
			<field name="hidNumKnots" />
			<object name="Knots">
				<object name="Knot">
					<field name="Value" />
					<field name="Info" />
					<field name="Type" />
				</object>
			</object>
		</object>
		<object name="curveReflectionFogDensity">
			<field name="hidNumKnots" />
			<object name="Knots">
				<object name="Knot">
					<field name="Value" />
					<field name="Info" />
					<field name="Type" />
				</object>
			</object>
		</object>
		<object name="curveReflectionFogHeight">
			<field name="hidNumKnots" />
			<object name="Knots">
				<object name="Knot">
					<field name="Value" />
					<field name="Info" />
					<field name="Type" />
				</object>
			</object>
		</object>
	</object>
	<object name="GodRaySettings">
		<field name="bEnabled" type="Boolean" />
		<field name="uiNumPasses" />
		<field name="fZoomFactor" type="Float" />
		<object name="gradColorTint">
			<object name="Knots">
				<object name="Knot">
					<field name="Position" />
					<field name="Color" />
				</object>
			</object>
		</object>
		<object name="curveAtenuationMultiplier">
			<field name="hidNumKnots" />
			<object name="Knots">
				<object name="Knot">
					<field name="Value" />
					<field name="Info" />
					<field name="Type" />
				</object>
			</object>
		</object>
		<object name="curveAttenuationStartAngle">
			<field name="hidNumKnots" />
			<object name="Knots">
				<object name="Knot">
					<field name="Value" />
					<field name="Info" />
					<field name="Type" />
				</object>
			</object>
		</object>
		<object name="curveAttenuationEndAngle">
			<field name="hidNumKnots" />
			<object name="Knots">
				<object name="Knot">
					<field name="Value" />
					<field name="Info" />
					<field name="Type" />
				</object>
			</object>
		</object>
		<object name="curveCloudMaskIntensity">
			<field name="hidNumKnots" />
			<object name="Knots">
				<object name="Knot">
					<field name="Value" />
					<field name="Info" />
					<field name="Type" />
				</object>
			</object>
		</object>
	</object>
	<object name="LightingSettings">
		<field name="fStaticReflectionGIDayInfluence" type="Float" />
		<field name="fStaticReflectionGINightInfluence" type="Float" />
		<field name="fProbeMinAmbientLimitsMultiplier" type="Float" />
		<field name="fSunLensFlareVisibility" type="Float" />
		<field name="fIrradianceEnvironmentDesaturation" type="Float" />
		<field name="fGITempDemoHackSkyDesaturation" type="Float" />
		<field name="fGITempDemoHackSkyMultiplier" type="Float" />
		<object name="curveStaticReflectionIntensityDay">
			<field name="hidNumKnots" />
			<object name="Knots">
				<object name="Knot">
					<field name="Value" />
					<field name="Info" />
					<field name="Type" />
				</object>
			</object>
		</object>
		<object name="curveStaticReflectionIntensityNight">
			<field name="hidNumKnots" />
			<object name="Knots">
				<object name="Knot">
					<field name="Value" />
					<field name="Info" />
					<field name="Type" />
				</object>
			</object>
		</object>
		<object name="curveDynamicReflectionGIInfluence">
			<field name="hidNumKnots" />
			<object name="Knots">
				<object name="Knot">
					<field name="Value" />
					<field name="Info" />
					<field name="Type" />
				</object>
			</object>
		</object>
		<object name="curveGlobalLightsIntensity0">
			<field name="hidNumKnots" />
			<object name="Knots">
				<object name="Knot">
					<field name="Value" />
					<field name="Info" />
					<field name="Type" />
				</object>
			</object>
		</object>
		<object name="curveGlobalLightsIntensity1">
			<field name="hidNumKnots" />
			<object name="Knots">
				<object name="Knot">
					<field name="Value" />
					<field name="Info" />
					<field name="Type" />
				</object>
			</object>
		</object>
		<object name="curveGlobalLightsIntensity2">
			<field name="hidNumKnots" />
			<object name="Knots">
				<object name="Knot">
					<field name="Value" />
					<field name="Info" />
					<field name="Type" />
				</object>
			</object>
		</object>
		<object name="curveGlobalLightsIntensity3">
			<field name="hidNumKnots" />
			<object name="Knots">
				<object name="Knot">
					<field name="Value" />
					<field name="Info" />
					<field name="Type" />
				</object>
			</object>
		</object>
		<object name="curveVertexAOIntensity">
			<field name="hidNumKnots" />
			<object name="Knots">
				<object name="Knot">
					<field name="Value" />
					<field name="Info" />
					<field name="Type" />
				</object>
			</object>
		</object>
	</object>
	<object name="LightningSettings">
		<field name="fPeriodRange" type="Float" />
		<field name="fCalmPeriod" type="Float" />
		<field name="fExtraDelayDuringCalm" type="Float" />
		<field name="fMinDuration" type="Float" />
		<field name="fMaxDuration" type="Float" />
		<field name="fMinIntensity" type="Float" />
		<field name="fMaxIntensity" type="Float" />
		<field name="fIntensityNoiseRatio" type="Float" />
		<field name="clrLightColor" />
		<field name="fLightHDRIntensity" type="Float" />
		<field name="fIntensityToDelayScale" type="Float" />
		<field name="fBigSoundThreshold" type="Float" />
		<field name="fMinSoundDelay" type="Float" />
		<field name="sndLightingStrikeSound" />
		<field name="sndThunderSound" />
		<object name="curveSkyHDRIntensity">
			<field name="hidNumKnots" />
			<object name="Knots">
				<object name="Knot">
					<field name="Value" />
					<field name="Info" />
					<field name="Type" />
				</object>
			</object>
		</object>
	</object>
	<object name="SkySettings">
		<field name="fRainIntensity" type="Float" />
		<field name="bForceWetness" type="Boolean" />
		<field name="fWetnessAmount" type="Float" />
		<field name="fPuddleAmount" type="Float" />
		<field name="fMaximumWetnessAmount" type="Float" />
		<field name="fMaximumPuddleAmount" type="Float" />
		<field name="selWeatherForecastRainAmount" type="Enum" />
		<field name="selWeatherForecastCloudAmount" type="Enum" />
		<field name="selWeatherForecastFogAmount" type="Enum" />
		<field name="envcloudsequenceCloudSequence" />
		<field name="matCloudsMaterial" />
	</object>
	<object name="CloudsSettings">
		<object name="curveSunExtinction">
			<field name="hidNumKnots" />
			<object name="Knots">
				<object name="Knot">
					<field name="Value" />
					<field name="Info" />
					<field name="Type" />
				</object>
			</object>
		</object>
		<object name="curveCloudIntensity">
			<field name="hidNumKnots" />
			<object name="Knots">
				<object name="Knot">
					<field name="Value" />
					<field name="Info" />
					<field name="Type" />
				</object>
			</object>
		</object>
		<object name="CloudLayers">
			<object name="Layer">
				<field name="cloudlayerCloudLayer" />
				<field name="fContribution" type="Float" />
				<object name="curveIntensityCurve">
					<field name="hidNumKnots" />
					<object name="Knots">
						<object name="Knot">
							<field name="Value" />
							<field name="Info" />
							<field name="Type" />
						</object>
					</object>
				</object>
			</object>
		</object>
	</object>
	<object name="WindSettings">
		<field name="fWindSpeedInKmPerHour" type="Float" />
		<field name="fWindSpeedNoiseDeltaInKmPerHour" type="Float" />
		<field name="fWindNoiseTextureSpeedInKmPerHour" type="Float" />
		<object name="NoiseTextureChannel">
			<field name="selValue" type="Enum" />
		</object>
	</object>
</class>












































