<?xml version="1.0" encoding="ISO-8859-1" standalone="yes"?>
<resources>
	<consumption>
		<citizenrange min="0" max="0">
			<resources>
				<RELE_0>600</RELE_0>
				<RFUE_0>1000</RFUE_0>
				<RWAT_0>400</RWAT_0>
				<RWAS_0>800</RWAS_0>
				<RFRE_0>1000</RFRE_0>
				<RHOL_1>100</RHOL_1>
				<RPAS_0>1000</RPAS_0>
				<ROFF_0>1000</ROFF_0>
				<RHOT_0>100</RHOT_0>
				<RIN1_0>1000</RIN1_0>
				<RIN2_0>1000</RIN2_0>
				<RIN3_0>1000</RIN3_0>
				<RAGR_0>1000</RAGR_0>
				<RRET_1>0</RRET_1>
				<RLEI_1>300</RLEI_1>
			</resources>
		</citizenrange>
		<citizenrange min="1" max="135">
			<resources>
				<RELE_0>668</RELE_0>
				<RFUE_0>1068</RFUE_0>
				<RWAT_0>468</RWAT_0>
				<RWAS_0>868</RWAS_0>
				<RFRE_0>1068</RFRE_0>
				<RHOL_1>168</RHOL_1>
				<RPAS_0>1068</RPAS_0>
				<ROFF_0>1945</ROFF_0>
				<RHOT_0>127</RHOT_0>
				<RIN1_0>2945</RIN1_0>
				<RIN2_0>1000</RIN2_0>
				<RIN3_0>1000</RIN3_0>
				<RAGR_0>1068</RAGR_0>
				<RRET_1>270</RRET_1>
				<RLEI_1>300</RLEI_1>
			</resources>
		</citizenrange>
		<citizenrange min="136" max="243">
			<resources>
				<RELE_0>722</RELE_0>
				<RFUE_0>1122</RFUE_0>
				<RWAT_0>522</RWAT_0>
				<RWAS_0>922</RWAS_0>
				<RFRE_0>1122</RFRE_0>
				<RHOL_1>222</RHOL_1>
				<RPAS_0>1122</RPAS_0>
				<ROFF_0>2701</ROFF_0>
				<RHOT_0>149</RHOT_0>
				<RIN1_0>3701</RIN1_0>
				<RIN2_0>2701</RIN2_0>
				<RIN3_0>1000</RIN3_0>
				<RAGR_0>1122</RAGR_0>
				<RRET_1>486</RRET_1>
				<RLEI_1>570</RLEI_1>
			</resources>
		</citizenrange>
		<citizenrange min="244" max="381">
			<resources>
				<RELE_0>791</RELE_0>
				<RFUE_0>1191</RFUE_0>
				<RWAT_0>591</RWAT_0>
				<RWAS_0>991</RWAS_0>
				<RFRE_0>1191</RFRE_0>
				<RHOL_1>291</RHOL_1>
				<RPAS_0>1191</RPAS_0>
				<ROFF_0>3667</ROFF_0>
				<RHOT_0>176</RHOT_0>
				<RIN1_0>3667</RIN1_0>
				<RIN2_0>3667</RIN2_0>
				<RIN3_0>3667</RIN3_0>
				<RAGR_0>1191</RAGR_0>
				<RRET_1>762</RRET_1>
				<RLEI_1>786</RLEI_1>
			</resources>
		</citizenrange>
		<citizenrange min="382" max="595">
			<resources>
				<RELE_0>898</RELE_0>
				<RFUE_0>1298</RFUE_0>
				<RWAT_0>698</RWAT_0>
				<RWAS_0>1098</RWAS_0>
				<RFRE_0>1298</RFRE_0>
				<RHOL_1>398</RHOL_1>
				<RPAS_0>1298</RPAS_0>
				<ROFF_0>5165</ROFF_0>
				<RHOT_0>219</RHOT_0>
				<RIN1_0>5165</RIN1_0>
				<RIN2_0>5165</RIN2_0>
				<RIN3_0>5165</RIN3_0>
				<RAGR_0>1298</RAGR_0>
				<RRET_1>1190</RRET_1>
				<RLEI_1>1062</RLEI_1>
			</resources>
		</citizenrange>
		<citizenrange min="596" max="1075">
			<resources>
				<RELE_0>1138</RELE_0>
				<RFUE_0>1538</RFUE_0>
				<RWAT_0>938</RWAT_0>
				<RWAS_0>1338</RWAS_0>
				<RFRE_0>1538</RFRE_0>
				<RHOL_1>638</RHOL_1>
				<RPAS_0>1538</RPAS_0>
				<ROFF_0>8525</ROFF_0>
				<RHOT_0>315</RHOT_0>
				<RIN1_0>8525</RIN1_0>
				<RIN2_0>8525</RIN2_0>
				<RIN3_0>8525</RIN3_0>
				<RAGR_0>1538</RAGR_0>
				<RRET_1>2150</RRET_1>
				<RLEI_1>1490</RLEI_1>
			</resources>
		</citizenrange>
		<citizenrange min="1076" max="1397">
			<resources>
				<RELE_0>1299</RELE_0>
				<RFUE_0>1699</RFUE_0>
				<RWAT_0>1099</RWAT_0>
				<RWAS_0>1499</RWAS_0>
				<RFRE_0>1699</RFRE_0>
				<RHOL_1>799</RHOL_1>
				<RPAS_0>1699</RPAS_0>
				<ROFF_0>10779</ROFF_0>
				<RHOT_0>379</RHOT_0>
				<RIN1_0>10779</RIN1_0>
				<RIN2_0>10779</RIN2_0>
				<RIN3_0>10779</RIN3_0>
				<RAGR_0>1699</RAGR_0>
				<RRET_1>2794</RRET_1>
				<RLEI_1>2450</RLEI_1>
			</resources>
		</citizenrange>
		<citizenrange min="1398" max="1682">
			<resources>
				<RELE_0>1441</RELE_0>
				<RFUE_0>1841</RFUE_0>
				<RWAT_0>1241</RWAT_0>
				<RWAS_0>1641</RWAS_0>
				<RFRE_0>1841</RFRE_0>
				<RHOL_1>941</RHOL_1>
				<RPAS_0>1841</RPAS_0>
				<ROFF_0>12774</ROFF_0>
				<RHOT_0>436</RHOT_0>
				<RIN1_0>12774</RIN1_0>
				<RIN2_0>12774</RIN2_0>
				<RIN3_0>12774</RIN3_0>
				<RAGR_0>1841</RAGR_0>
				<RRET_1>3364</RRET_1>
				<RLEI_1>3094</RLEI_1>
			</resources>
		</citizenrange>
		<citizenrange min="1683" max="2185">
			<resources>
				<RELE_0>1693</RELE_0>
				<RFUE_0>2093</RFUE_0>
				<RWAT_0>1493</RWAT_0>
				<RWAS_0>1893</RWAS_0>
				<RFRE_0>2093</RFRE_0>
				<RHOL_1>1193</RHOL_1>
				<RPAS_0>2093</RPAS_0>
				<ROFF_0>16295</ROFF_0>
				<RHOT_0>537</RHOT_0>
				<RIN1_0>16295</RIN1_0>
				<RIN2_0>16295</RIN2_0>
				<RIN3_0>16295</RIN3_0>
				<RAGR_0>2093</RAGR_0>
				<RRET_1>4370</RRET_1>
				<RLEI_1>3664</RLEI_1>
			</resources>
		</citizenrange>
		<citizenrange min="2186" max="4751">
			<resources>
				<RELE_0>2976</RELE_0>
				<RFUE_0>3376</RFUE_0>
				<RWAT_0>2776</RWAT_0>
				<RWAS_0>3176</RWAS_0>
				<RFRE_0>3376</RFRE_0>
				<RHOL_1>2476</RHOL_1>
				<RPAS_0>3376</RPAS_0>
				<ROFF_0>34257</ROFF_0>
				<RHOT_0>1050</RHOT_0>
				<RIN1_0>34257</RIN1_0>
				<RIN2_0>34257</RIN2_0>
				<RIN3_0>34257</RIN3_0>
				<RAGR_0>3376</RAGR_0>
				<RRET_1>9502</RRET_1>
				<RLEI_1>4670</RLEI_1>
			</resources>
		</citizenrange>
		<citizenrange min="4752" max="6171">
			<resources>
				<RELE_0>3686</RELE_0>
				<RFUE_0>4086</RFUE_0>
				<RWAT_0>3486</RWAT_0>
				<RWAS_0>3886</RWAS_0>
				<RFRE_0>4086</RFRE_0>
				<RHOL_1>3186</RHOL_1>
				<RPAS_0>4086</RPAS_0>
				<ROFF_0>44197</ROFF_0>
				<RHOT_0>1334</RHOT_0>
				<RIN1_0>44197</RIN1_0>
				<RIN2_0>44197</RIN2_0>
				<RIN3_0>44197</RIN3_0>
				<RAGR_0>4086</RAGR_0>
				<RRET_1>12342</RRET_1>
				<RLEI_1>9802</RLEI_1>
			</resources>
		</citizenrange>
		<citizenrange min="6172" max="7430">
			<resources>
				<RELE_0>4315</RELE_0>
				<RFUE_0>4715</RFUE_0>
				<RWAT_0>4115</RWAT_0>
				<RWAS_0>4515</RWAS_0>
				<RFRE_0>4715</RFRE_0>
				<RHOL_1>3815</RHOL_1>
				<RPAS_0>4715</RPAS_0>
				<ROFF_0>53010</ROFF_0>
				<RHOT_0>1586</RHOT_0>
				<RIN1_0>53010</RIN1_0>
				<RIN2_0>53010</RIN2_0>
				<RIN3_0>53010</RIN3_0>
				<RAGR_0>4715</RAGR_0>
				<RRET_1>14860</RRET_1>
				<RLEI_1>12642</RLEI_1>
			</resources>
		</citizenrange>
		<citizenrange min="7431" max="11619">
			<resources>
				<RELE_0>6410</RELE_0>
				<RFUE_0>6810</RFUE_0>
				<RWAT_0>6210</RWAT_0>
				<RWAS_0>6610</RWAS_0>
				<RFRE_0>6810</RFRE_0>
				<RHOL_1>5910</RHOL_1>
				<RPAS_0>6810</RPAS_0>
				<ROFF_0>82333</ROFF_0>
				<RHOT_0>2424</RHOT_0>
				<RIN1_0>82333</RIN1_0>
				<RIN2_0>82333</RIN2_0>
				<RIN3_0>82333</RIN3_0>
				<RAGR_0>6810</RAGR_0>
				<RRET_1>23238</RRET_1>
				<RLEI_1>15160</RLEI_1>
			</resources>
		</citizenrange>
	</consumption>
	<pricelevels>
		<verylow>
			<percent>3</percent>
		</verylow>
		<low>
			<percent>2</percent>
		</low>
		<medium>
			<percent>1</percent>
		</medium>
		<high>
			<percent>0.5</percent>
		</high>
		<veryhigh>
			<percent>0.33</percent>
		</veryhigh>
	</pricelevels>
</resources>