<?xml version="1.0" encoding="ISO-8859-1" standalone="yes"?>
<resources>
	<list>
		<rele_0>
			<MarketInternalPrice>10</MarketInternalPrice>
			<MarketMinPrice>0</MarketMinPrice>
			<MarketMaxPrice>300</MarketMaxPrice>
			<MarketBaseQty>600</MarketBaseQty>
			<FindResource>INCITY</FindResource>
			<MarketAvailable>1</MarketAvailable>
			<Quality>0</Quality>
		</rele_0>
		<rfue_0>
			<MarketInternalPrice>10</MarketInternalPrice>
			<MarketMinPrice>0</MarketMinPrice>
			<MarketMaxPrice>300</MarketMaxPrice>
			<MarketBaseQty>1000</MarketBaseQty>
			<FindResource>INCITY</FindResource>
			<MarketAvailable>1</MarketAvailable>
			<Quality>0</Quality>
		</rfue_0>
		<rwat_0>
			<MarketInternalPrice>10</MarketInternalPrice>
			<MarketMinPrice>0</MarketMinPrice>
			<MarketMaxPrice>300</MarketMaxPrice>
			<MarketBaseQty>400</MarketBaseQty>
			<FindResource>INCITY</FindResource>
			<MarketAvailable>1</MarketAvailable>
			<Quality>0</Quality>
		</rwat_0>
		<rwas_0>
			<MarketInternalPrice>10</MarketInternalPrice>
			<MarketMinPrice>0</MarketMinPrice>
			<MarketMaxPrice>300</MarketMaxPrice>
			<MarketBaseQty>800</MarketBaseQty>
			<FindResource>INCITY</FindResource>
			<MarketAvailable>1</MarketAvailable>
			<Quality>0</Quality>
		</rwas_0>
		<rmat_0>
			<MarketInternalPrice>10</MarketInternalPrice>
			<MarketMinPrice>4</MarketMinPrice>
			<MarketMaxPrice>50</MarketMaxPrice>
			<MarketBaseQty>0</MarketBaseQty>
			<FindResource>INCITY</FindResource>
			<MarketAvailable>1</MarketAvailable>
			<Quality>0</Quality>
		</rmat_0>
		<rfre_0>
			<MarketInternalPrice>0</MarketInternalPrice>
			<MarketMinPrice>0</MarketMinPrice>
			<MarketMaxPrice>0</MarketMaxPrice>
			<MarketBaseQty>1000</MarketBaseQty>
			<FindResource>INCITY</FindResource>
			<MarketAvailable>0</MarketAvailable>
			<Quality>0</Quality>
		</rfre_0>
		<rfrh_0>
			<MarketInternalPrice>0</MarketInternalPrice>
			<MarketMinPrice>0</MarketMinPrice>
			<MarketMaxPrice>0</MarketMaxPrice>
			<MarketBaseQty>1000</MarketBaseQty>
			<FindResource>INCITY</FindResource>
			<MarketAvailable>0</MarketAvailable>
			<Quality>0</Quality>
		</rfrh_0>
		<rfru_0>
			<MarketInternalPrice>10</MarketInternalPrice>
			<MarketMinPrice>8</MarketMinPrice>
			<MarketMaxPrice>50</MarketMaxPrice>
			<MarketBaseQty>0</MarketBaseQty>
			<FindResource>INCITY</FindResource>
			<MarketAvailable>0</MarketAvailable>
			<Quality>0</Quality>
		</rfru_0>
		<rpas_0>
			<MarketInternalPrice>0</MarketInternalPrice>
			<MarketMinPrice>0</MarketMinPrice>
			<MarketMaxPrice>0</MarketMaxPrice>
			<MarketBaseQty>1000</MarketBaseQty>
			<FindResource>INCITY</FindResource>
			<MarketAvailable>0</MarketAvailable>
			<Quality>0</Quality>
		</rpas_0>
		<roff_0>
			<MarketInternalPrice>20</MarketInternalPrice>
			<MarketMinPrice>0</MarketMinPrice>
			<MarketMaxPrice>300</MarketMaxPrice>
			<MarketBaseQty>1000</MarketBaseQty>
			<FindResource>INCITY</FindResource>
			<MarketAvailable>0</MarketAvailable>
			<Quality>0</Quality>
		</roff_0>
		<rhot_0>
			<MarketInternalPrice>20</MarketInternalPrice>
			<MarketMinPrice>0</MarketMinPrice>
			<MarketMaxPrice>300</MarketMaxPrice>
			<MarketBaseQty>100</MarketBaseQty>
			<FindResource>INCITY</FindResource>
			<MarketAvailable>0</MarketAvailable>
			<Quality>0</Quality>
		</rhot_0>
		<rret_1>
			<MarketInternalPrice>10</MarketInternalPrice>
			<MarketMinPrice>0</MarketMinPrice>
			<MarketMaxPrice>300</MarketMaxPrice>
			<MarketBaseQty>0</MarketBaseQty>
			<FindResource>BYSHAPE</FindResource>
			<MarketAvailable>0</MarketAvailable>
			<Quality>1</Quality>
		</rret_1>
		<rret_2>
			<MarketInternalPrice>10</MarketInternalPrice>
			<MarketMinPrice>10</MarketMinPrice>
			<MarketMaxPrice>300</MarketMaxPrice>
			<MarketBaseQty>0</MarketBaseQty>
			<FindResource>BYSHAPE</FindResource>
			<MarketAvailable>0</MarketAvailable>
			<Quality>2</Quality>
		</rret_2>
		<rret_3>
			<MarketInternalPrice>10</MarketInternalPrice>
			<MarketMinPrice>10</MarketMinPrice>
			<MarketMaxPrice>300</MarketMaxPrice>
			<MarketBaseQty>0</MarketBaseQty>
			<FindResource>BYSHAPE</FindResource>
			<MarketAvailable>0</MarketAvailable>
			<Quality>3</Quality>
		</rret_3>
		<rret_4>
			<MarketInternalPrice>10</MarketInternalPrice>
			<MarketMinPrice>10</MarketMinPrice>
			<MarketMaxPrice>300</MarketMaxPrice>
			<MarketBaseQty>0</MarketBaseQty>
			<FindResource>BYSHAPE</FindResource>
			<MarketAvailable>0</MarketAvailable>
			<Quality>4</Quality>
		</rret_4>
		<rlei_1>
			<MarketInternalPrice>10</MarketInternalPrice>
			<MarketMinPrice>0</MarketMinPrice>
			<MarketMaxPrice>300</MarketMaxPrice>
			<MarketBaseQty>300</MarketBaseQty>
			<FindResource>BYSHAPE</FindResource>
			<MarketAvailable>0</MarketAvailable>
			<Quality>1</Quality>
		</rlei_1>
		<rlei_2>
			<MarketInternalPrice>7</MarketInternalPrice>
			<MarketMinPrice>4</MarketMinPrice>
			<MarketMaxPrice>300</MarketMaxPrice>
			<MarketBaseQty>0</MarketBaseQty>
			<FindResource>BYSHAPE</FindResource>
			<MarketAvailable>0</MarketAvailable>
			<Quality>2</Quality>
		</rlei_2>
		<rlei_3>
			<MarketInternalPrice>7</MarketInternalPrice>
			<MarketMinPrice>4</MarketMinPrice>
			<MarketMaxPrice>300</MarketMaxPrice>
			<MarketBaseQty>0</MarketBaseQty>
			<FindResource>BYSHAPE</FindResource>
			<MarketAvailable>0</MarketAvailable>
			<Quality>3</Quality>
		</rlei_3>
		<rlei_4>
			<MarketInternalPrice>7</MarketInternalPrice>
			<MarketMinPrice>4</MarketMinPrice>
			<MarketMaxPrice>300</MarketMaxPrice>
			<MarketBaseQty>0</MarketBaseQty>
			<FindResource>BYSHAPE</FindResource>
			<MarketAvailable>0</MarketAvailable>
			<Quality>4</Quality>
		</rlei_4>
		<rhol_1>
			<MarketInternalPrice>10</MarketInternalPrice>
			<MarketMinPrice>0</MarketMinPrice>
			<MarketMaxPrice>300</MarketMaxPrice>
			<MarketBaseQty>100</MarketBaseQty>
			<FindResource>BYSHAPE</FindResource>
			<MarketAvailable>0</MarketAvailable>
			<Quality>1</Quality>
		</rhol_1>
		<rhol_2>
			<MarketInternalPrice>0</MarketInternalPrice>
			<MarketMinPrice>0</MarketMinPrice>
			<MarketMaxPrice>300</MarketMaxPrice>
			<MarketBaseQty>0</MarketBaseQty>
			<FindResource>BYSHAPE</FindResource>
			<MarketAvailable>0</MarketAvailable>
			<Quality>0</Quality>
		</rhol_2>
		<rhol_3>
			<MarketInternalPrice>0</MarketInternalPrice>
			<MarketMinPrice>0</MarketMinPrice>
			<MarketMaxPrice>300</MarketMaxPrice>
			<MarketBaseQty>0</MarketBaseQty>
			<FindResource>BYSHAPE</FindResource>
			<MarketAvailable>0</MarketAvailable>
			<Quality>0</Quality>
		</rhol_3>
		<rhol_4>
			<MarketInternalPrice>0</MarketInternalPrice>
			<MarketMinPrice>0</MarketMinPrice>
			<MarketMaxPrice>300</MarketMaxPrice>
			<MarketBaseQty>0</MarketBaseQty>
			<FindResource>BYSHAPE</FindResource>
			<MarketAvailable>0</MarketAvailable>
			<Quality>0</Quality>
		</rhol_4>
		<rin1_0>
			<MarketInternalPrice>10</MarketInternalPrice>
			<MarketMinPrice>0</MarketMinPrice>
			<MarketMaxPrice>300</MarketMaxPrice>
			<MarketBaseQty>1000</MarketBaseQty>
			<FindResource>INCITY</FindResource>
			<MarketAvailable>0</MarketAvailable>
			<Quality>0</Quality>
		</rin1_0>
		<rin2_0>
			<MarketInternalPrice>30</MarketInternalPrice>
			<MarketMinPrice>0</MarketMinPrice>
			<MarketMaxPrice>300</MarketMaxPrice>
			<MarketBaseQty>1000</MarketBaseQty>
			<FindResource>INCITY</FindResource>
			<MarketAvailable>0</MarketAvailable>
			<Quality>0</Quality>
		</rin2_0>
		<rin3_0>
			<MarketInternalPrice>60</MarketInternalPrice>
			<MarketMinPrice>0</MarketMinPrice>
			<MarketMaxPrice>300</MarketMaxPrice>
			<MarketBaseQty>1000</MarketBaseQty>
			<FindResource>INCITY</FindResource>
			<MarketAvailable>0</MarketAvailable>
			<Quality>0</Quality>
		</rin3_0>
		<containerintercityeast>
			<MarketInternalPrice>10</MarketInternalPrice>
			<MarketMinPrice>10</MarketMinPrice>
			<MarketMaxPrice>300</MarketMaxPrice>
			<MarketBaseQty>100</MarketBaseQty>
			<FindResource>BYROAD</FindResource>
			<MarketAvailable>0</MarketAvailable>
			<Quality>0</Quality>
		</containerintercityeast>
		<containerintercitynorth>
			<MarketInternalPrice>10</MarketInternalPrice>
			<MarketMinPrice>10</MarketMinPrice>
			<MarketMaxPrice>300</MarketMaxPrice>
			<MarketBaseQty>100</MarketBaseQty>
			<FindResource>BYROAD</FindResource>
			<MarketAvailable>0</MarketAvailable>
			<Quality>0</Quality>
		</containerintercitynorth>
		<containerintercitysouth>
			<MarketInternalPrice>10</MarketInternalPrice>
			<MarketMinPrice>10</MarketMinPrice>
			<MarketMaxPrice>300</MarketMaxPrice>
			<MarketBaseQty>100</MarketBaseQty>
			<FindResource>BYROAD</FindResource>
			<MarketAvailable>0</MarketAvailable>
			<Quality>0</Quality>
		</containerintercitysouth>
		<containerintercitywest>
			<MarketInternalPrice>10</MarketInternalPrice>
			<MarketMinPrice>10</MarketMinPrice>
			<MarketMaxPrice>300</MarketMaxPrice>
			<MarketBaseQty>100</MarketBaseQty>
			<FindResource>BYROAD</FindResource>
			<MarketAvailable>0</MarketAvailable>
			<Quality>0</Quality>
		</containerintercitywest>
		<ragr_0>
			<MarketInternalPrice>10</MarketInternalPrice>
			<MarketMinPrice>0</MarketMinPrice>
			<MarketMaxPrice>300</MarketMaxPrice>
			<MarketBaseQty>1000</MarketBaseQty>
			<FindResource>INCITY</FindResource>
			<MarketAvailable>0</MarketAvailable>
			<Quality>0</Quality>
		</ragr_0>
	</list>
</resources>