<?xml version="1.0" encoding="Windows-1252"?>

<Sequence>
	<Track>
		<Start>0</Start>
		<End>1</End>
		<Keys>
			<0>
				<Time>0</Time>
				<Multiplier>1.200000048</Multiplier>
				<SunColor>0.9882349968,0.5764709711,0.3294120133,1</SunColor>
				<MoonCourse>180</MoonCourse>
				<SunCourse>20</SunCourse>
				<HGg>0.9537039995</HGg>
				<Inscattering>1</Inscattering>
				<Rayleigh>0.5185189843</Rayleigh>
				<SunSize>6.172840017e-007</SunSize>
				<SunIntensity>1</SunIntensity>
				<Turbidity>2</Turbidity>
				<SkyBlendingDistance>13135.7998</SkyBlendingDistance>
				<LambdaR>650</LambdaR>
				<LambdaG>570</LambdaG>
				<LambdaB>475</LambdaB>
				<HazeHeight>94.81479645</HazeHeight>
				<HazeIntensity>0.5555559993</HazeIntensity>
				<HazePosition>-0.01975310035</HazePosition>
				<HazeColor>0.8862749934,0.2745099962,0.01568629965,1</HazeColor>
				<MoonSize>5000</MoonSize>
				<MoonBlending>0</MoonBlending>
				<StarsBrightness>2</StarsBrightness>
				<StarsFlickering>1.799999952</StarsFlickering>
				<AmbientCubeMap>Data\Engine\Skybox\Forest.dds</AmbientCubeMap>
				<AmbientTreesCubeMap>Data\Engine\Skybox\Blue.dds</AmbientTreesCubeMap>
				<BlurPass>3</BlurPass>
				<BlurSize>13</BlurSize>
				<ReflectionMap>Data\Engine\Skybox\Street.dds</ReflectionMap>
				<AmbientMultiplier>1.960000038</AmbientMultiplier>
			</0>
			<1>
				<Time>0.1666666716</Time>
				<Multiplier>1.306666613</Multiplier>
				<SunColor>0.9921569824,0.7294120193,0.4431369901,1</SunColor>
				<MoonCourse>270</MoonCourse>
				<SunCourse>90</SunCourse>
				<HGg>0.9355559945</HGg>
				<Inscattering>1</Inscattering>
				<Rayleigh>0.3888890147</Rayleigh>
				<SunSize>1.23457005e-006</SunSize>
				<SunIntensity>1</SunIntensity>
				<Turbidity>2</Turbidity>
				<SkyBlendingDistance>11358</SkyBlendingDistance>
				<LambdaR>650</LambdaR>
				<LambdaG>570</LambdaG>
				<LambdaB>475</LambdaB>
				<HazeHeight>94.81479645</HazeHeight>
				<HazeIntensity>0.4814809859</HazeIntensity>
				<HazePosition>-0.01975310035</HazePosition>
				<HazeColor>0.9098039865,0.4549019933,0,1</HazeColor>
				<MoonSize>5000</MoonSize>
				<MoonBlending>0</MoonBlending>
				<StarsBrightness>2</StarsBrightness>
				<StarsFlickering>1.799999952</StarsFlickering>
				<AmbientCubeMap>Data\Engine\Skybox\Forest.dds</AmbientCubeMap>
				<AmbientTreesCubeMap>Data\Engine\Skybox\Blue.dds</AmbientTreesCubeMap>
				<BlurPass>3</BlurPass>
				<BlurSize>13</BlurSize>
				<ReflectionMap>Data\Engine\Skybox\Street.dds</ReflectionMap>
				<AmbientMultiplier>2</AmbientMultiplier>
			</1>
			<2>
				<Time>0.3333333433</Time>
				<Multiplier>1.413333297</Multiplier>
				<SunColor>0.9843137264,0.7843137383,0.7176470757,1</SunColor>
				<MoonCourse>360</MoonCourse>
				<SunCourse>160</SunCourse>
				<HGg>0.9537039995</HGg>
				<Inscattering>1</Inscattering>
				<Rayleigh>0.5</Rayleigh>
				<SunSize>4.901929742e-007</SunSize>
				<SunIntensity>1</SunIntensity>
				<Turbidity>2</Turbidity>
				<SkyBlendingDistance>13135.7998</SkyBlendingDistance>
				<LambdaR>650</LambdaR>
				<LambdaG>570</LambdaG>
				<LambdaB>475</LambdaB>
				<HazeHeight>94.81479645</HazeHeight>
				<HazeIntensity>0.5432100296</HazeIntensity>
				<HazePosition>-0.01975310035</HazePosition>
				<HazeColor>0.9764710069,0.2039220035,0.06666669995,1</HazeColor>
				<MoonSize>5000</MoonSize>
				<MoonBlending>0</MoonBlending>
				<StarsBrightness>2</StarsBrightness>
				<StarsFlickering>1.799999952</StarsFlickering>
				<AmbientCubeMap>Data\Engine\Skybox\Forest.dds</AmbientCubeMap>
				<AmbientTreesCubeMap>Data\Engine\Skybox\Blue.dds</AmbientTreesCubeMap>
				<BlurPass>3</BlurPass>
				<BlurSize>13</BlurSize>
				<ReflectionMap>Data\Engine\Skybox\Street.dds</ReflectionMap>
				<AmbientMultiplier>2</AmbientMultiplier>
			</2>
			<3>
				<Time>0.375</Time>
				<Multiplier>1.25333333</Multiplier>
				<SunColor>0.9843137264,0.6705882549,0.5921568871,1</SunColor>
				<MoonCourse>11.25</MoonCourse>
				<SunCourse>175</SunCourse>
				<HGg>0.9234570265</HGg>
				<Inscattering>1</Inscattering>
				<Rayleigh>0.6666669846</Rayleigh>
				<SunSize>0</SunSize>
				<SunIntensity>1</SunIntensity>
				<Turbidity>2</Turbidity>
				<SkyBlendingDistance>13135.7998</SkyBlendingDistance>
				<LambdaR>650</LambdaR>
				<LambdaG>570</LambdaG>
				<LambdaB>423.1480103</LambdaB>
				<HazeHeight>94.81479645</HazeHeight>
				<HazeIntensity>0.3703700006</HazeIntensity>
				<HazePosition>-0.01975310035</HazePosition>
				<HazeColor>0.9843140244,0.3843140006,0.1764709949,1</HazeColor>
				<MoonSize>4000</MoonSize>
				<MoonBlending>0.1400000006</MoonBlending>
				<StarsBrightness>1.266669989</StarsBrightness>
				<StarsFlickering>1.799999952</StarsFlickering>
				<AmbientCubeMap>Data\Engine\Skybox\Forest.dds</AmbientCubeMap>
				<AmbientTreesCubeMap>Data\Engine\Skybox\Blue.dds</AmbientTreesCubeMap>
				<BlurPass>3</BlurPass>
				<BlurSize>13</BlurSize>
				<ReflectionMap>Data\Engine\Skybox\Street.dds</ReflectionMap>
				<AmbientMultiplier>2</AmbientMultiplier>
			</3>
			<4>
				<Time>0.3958333433</Time>
				<Multiplier>0.5066666603</Multiplier>
				<SunColor>0.2588239908,0.3686270118,0.4588240087,1</SunColor>
				<MoonCourse>16.875</MoonCourse>
				<SunCourse>180</SunCourse>
				<HGg>0.9234570265</HGg>
				<Inscattering>0.4876540005</Inscattering>
				<Rayleigh>0.2777779996</Rayleigh>
				<SunSize>0</SunSize>
				<SunIntensity>1</SunIntensity>
				<Turbidity>1</Turbidity>
				<SkyBlendingDistance>15308.59961</SkyBlendingDistance>
				<LambdaR>654.9379883</LambdaR>
				<LambdaG>579.8770142</LambdaG>
				<LambdaB>415.7409973</LambdaB>
				<HazeHeight>85.18520355</HazeHeight>
				<HazeIntensity>0.1975309998</HazeIntensity>
				<HazePosition>-0.01975310035</HazePosition>
				<HazeColor>0.4745100141,0.5294119716,0.6588240266,1</HazeColor>
				<MoonSize>4000</MoonSize>
				<MoonBlending>0.3799999952</MoonBlending>
				<StarsBrightness>0.7733333111</StarsBrightness>
				<StarsFlickering>2.5</StarsFlickering>
				<AmbientCubeMap>Data\Engine\Skybox\Forest.dds</AmbientCubeMap>
				<AmbientTreesCubeMap>Data\Engine\Skybox\Snow.dds</AmbientTreesCubeMap>
				<BlurPass>3</BlurPass>
				<BlurSize>13</BlurSize>
				<ReflectionMap>Data\Engine\Skybox\Street.dds</ReflectionMap>
				<AmbientMultiplier>1.173333287</AmbientMultiplier>
			</4>
			<5>
				<Time>0.6666666865</Time>
				<Multiplier>0.5066666603</Multiplier>
				<SunColor>0.2588239908,0.3686270118,0.4588240087,1</SunColor>
				<MoonCourse>90</MoonCourse>
				<SunCourse>270</SunCourse>
				<HGg>0.9234570265</HGg>
				<Inscattering>0.4876540005</Inscattering>
				<Rayleigh>0.2777779996</Rayleigh>
				<SunSize>0</SunSize>
				<SunIntensity>1</SunIntensity>
				<Turbidity>1</Turbidity>
				<SkyBlendingDistance>15308.59961</SkyBlendingDistance>
				<LambdaR>654.9379883</LambdaR>
				<LambdaG>579.8770142</LambdaG>
				<LambdaB>415.7409973</LambdaB>
				<HazeHeight>85.18520355</HazeHeight>
				<HazeIntensity>0.1975309998</HazeIntensity>
				<HazePosition>-0.01975310035</HazePosition>
				<HazeColor>0.4745100141,0.5294119716,0.6588240266,1</HazeColor>
				<MoonSize>4000</MoonSize>
				<MoonBlending>0.3799999952</MoonBlending>
				<StarsBrightness>0.7733333111</StarsBrightness>
				<StarsFlickering>2.5</StarsFlickering>
				<AmbientCubeMap>Data\Engine\Skybox\Forest.dds</AmbientCubeMap>
				<AmbientTreesCubeMap>Data\Engine\Skybox\Snow.dds</AmbientTreesCubeMap>
				<BlurPass>3</BlurPass>
				<BlurSize>13</BlurSize>
				<ReflectionMap>Data\Engine\Skybox\Street.dds</ReflectionMap>
				<AmbientMultiplier>1.173333287</AmbientMultiplier>
			</5>
			<6>
				<Time>0.9375</Time>
				<Multiplier>0.5066666603</Multiplier>
				<SunColor>0.2588239908,0.3686270118,0.4588240087,1</SunColor>
				<MoonCourse>163.125</MoonCourse>
				<SunCourse>360</SunCourse>
				<HGg>0.9234570265</HGg>
				<Inscattering>0.4876540005</Inscattering>
				<Rayleigh>0.2777779996</Rayleigh>
				<SunSize>0</SunSize>
				<SunIntensity>1</SunIntensity>
				<Turbidity>1</Turbidity>
				<SkyBlendingDistance>15308.59961</SkyBlendingDistance>
				<LambdaR>654.9379883</LambdaR>
				<LambdaG>579.8770142</LambdaG>
				<LambdaB>415.7409973</LambdaB>
				<HazeHeight>85.18520355</HazeHeight>
				<HazeIntensity>0.1975309998</HazeIntensity>
				<HazePosition>-0.01975310035</HazePosition>
				<HazeColor>0.4745100141,0.5294119716,0.6588240266,1</HazeColor>
				<MoonSize>4000</MoonSize>
				<MoonBlending>0.3799999952</MoonBlending>
				<StarsBrightness>0.7733333111</StarsBrightness>
				<StarsFlickering>2.5</StarsFlickering>
				<AmbientCubeMap>Data\Engine\Skybox\Forest.dds</AmbientCubeMap>
				<AmbientTreesCubeMap>Data\Engine\Skybox\Snow.dds</AmbientTreesCubeMap>
				<BlurPass>3</BlurPass>
				<BlurSize>13</BlurSize>
				<ReflectionMap>Data\Engine\Skybox\Street.dds</ReflectionMap>
				<AmbientMultiplier>1.173333287</AmbientMultiplier>
			</6>
			<7>
				<Time>0.9583333135</Time>
				<Multiplier>1.266666651</Multiplier>
				<SunColor>0.9843140244,0.4862749875,0.3411760032,1</SunColor>
				<MoonCourse>168.75</MoonCourse>
				<SunCourse>5</SunCourse>
				<HGg>0.9234570265</HGg>
				<Inscattering>1</Inscattering>
				<Rayleigh>0.6666669846</Rayleigh>
				<SunSize>2.469140099e-006</SunSize>
				<SunIntensity>1</SunIntensity>
				<Turbidity>2</Turbidity>
				<SkyBlendingDistance>13135.7998</SkyBlendingDistance>
				<LambdaR>650</LambdaR>
				<LambdaG>570</LambdaG>
				<LambdaB>423.1480103</LambdaB>
				<HazeHeight>94.81479645</HazeHeight>
				<HazeIntensity>0.3703700006</HazeIntensity>
				<HazePosition>-0.01975310035</HazePosition>
				<HazeColor>0.8862749934,0.2392159998,0.01960779913,1</HazeColor>
				<MoonSize>4000</MoonSize>
				<MoonBlending>0.1400000006</MoonBlending>
				<StarsBrightness>1.266669989</StarsBrightness>
				<StarsFlickering>1.799999952</StarsFlickering>
				<AmbientCubeMap>Data\Engine\Skybox\Forest.dds</AmbientCubeMap>
				<AmbientTreesCubeMap>Data\Engine\Skybox\Blue.dds</AmbientTreesCubeMap>
				<BlurPass>3</BlurPass>
				<BlurSize>13</BlurSize>
				<ReflectionMap>Data\Engine\Skybox\Street.dds</ReflectionMap>
				<AmbientMultiplier>2</AmbientMultiplier>
			</7>
			<8>
				<Time>1</Time>
				<Multiplier>1.200000048</Multiplier>
				<SunColor>0.9882349968,0.5764709711,0.3294120133,1</SunColor>
				<MoonCourse>180</MoonCourse>
				<SunCourse>20</SunCourse>
				<HGg>0.9537039995</HGg>
				<Inscattering>1</Inscattering>
				<Rayleigh>0.5185189843</Rayleigh>
				<SunSize>6.172840017e-007</SunSize>
				<SunIntensity>1</SunIntensity>
				<Turbidity>2</Turbidity>
				<SkyBlendingDistance>13135.7998</SkyBlendingDistance>
				<LambdaR>650</LambdaR>
				<LambdaG>570</LambdaG>
				<LambdaB>475</LambdaB>
				<HazeHeight>94.81479645</HazeHeight>
				<HazeIntensity>0.5555559993</HazeIntensity>
				<HazePosition>-0.01975310035</HazePosition>
				<HazeColor>0.8862749934,0.2745099962,0.01568629965,1</HazeColor>
				<MoonSize>5000</MoonSize>
				<MoonBlending>0</MoonBlending>
				<StarsBrightness>2</StarsBrightness>
				<StarsFlickering>1.799999952</StarsFlickering>
				<AmbientCubeMap>Data\Engine\Skybox\Forest.dds</AmbientCubeMap>
				<AmbientTreesCubeMap>Data\Engine\Skybox\Blue.dds</AmbientTreesCubeMap>
				<BlurPass>3</BlurPass>
				<BlurSize>13</BlurSize>
				<ReflectionMap>Data\Engine\Skybox\Street.dds</ReflectionMap>
				<AmbientMultiplier>1.960000038</AmbientMultiplier>
			</8>
		</Keys>
	</Track>
</Sequence>
<SunCourse>
	<RiseAngle>0</RiseAngle>
	<Elevation>65</Elevation>
</SunCourse>
<MoonCourse>
	<RiseAngle>20</RiseAngle>
	<Elevation>65</Elevation>
</MoonCourse>