<?xml version="1.0" encoding="Windows-1252"?>

<Sequence>
	<Track>
		<Start>0</Start>
		<End>1</End>
		<Keys>
			<0>
				<Time>0</Time>
				<Multiplier>1.440000057</Multiplier>
				<SunColor>0.9882349968,0.5764709711,0.3294120133,1</SunColor>
				<MoonCourse>180</MoonCourse>
				<SunCourse>20</SunCourse>
				<HGg>0.968827188</HGg>
				<Inscattering>1</Inscattering>
				<Rayleigh>0.555555582</Rayleigh>
				<SunSize>6.172840017e-007</SunSize>
				<SunIntensity>1</SunIntensity>
				<Turbidity>2</Turbidity>
				<SkyBlendingDistance>13135.7998</SkyBlendingDistance>
				<LambdaR>650</LambdaR>
				<LambdaG>570</LambdaG>
				<LambdaB>475</LambdaB>
				<HazeHeight>96.29629517</HazeHeight>
				<HazeIntensity>0.555555582</HazeIntensity>
				<HazePosition>-0.02962963097</HazePosition>
				<HazeColor>0.9882352948,0.400000006,0.1450980455,1</HazeColor>
				<MoonSize>5000</MoonSize>
				<MoonBlending>0</MoonBlending>
				<StarsBrightness>2</StarsBrightness>
				<StarsFlickering>1.799999952</StarsFlickering>
				<AmbientCubeMap>Data\Engine\Skybox\Ocean.dds</AmbientCubeMap>
				<AmbientTreesCubeMap>Data\Engine\Skybox\Ocean.dds</AmbientTreesCubeMap>
				<BlurPass>2</BlurPass>
				<BlurSize>8</BlurSize>
				<TreesBlurPass>3</TreesBlurPass>
				<TreesBlurSize>100</TreesBlurSize>
				<ReflectionMap>Data\Engine\Skybox\Street.dds</ReflectionMap>
				<AmbientMultiplier>0.7599999905</AmbientMultiplier>
			</0>
			<1>
				<Time>0.1666666716</Time>
				<Multiplier>1.453333378</Multiplier>
				<SunColor>0.9921568632,0.6941176653,0.3686274588,1</SunColor>
				<MoonCourse>270</MoonCourse>
				<SunCourse>90</SunCourse>
				<HGg>0.9355559945</HGg>
				<Inscattering>1</Inscattering>
				<Rayleigh>0.3888890147</Rayleigh>
				<SunSize>1.23457005e-006</SunSize>
				<SunIntensity>1</SunIntensity>
				<Turbidity>2</Turbidity>
				<SkyBlendingDistance>11358</SkyBlendingDistance>
				<LambdaR>650</LambdaR>
				<LambdaG>570</LambdaG>
				<LambdaB>475</LambdaB>
				<HazeHeight>96.66666412</HazeHeight>
				<HazeIntensity>0.5432098508</HazeIntensity>
				<HazePosition>-0.01975310035</HazePosition>
				<HazeColor>0.9098039269,0.4549019635,0,1</HazeColor>
				<MoonSize>5000</MoonSize>
				<MoonBlending>0</MoonBlending>
				<StarsBrightness>2</StarsBrightness>
				<StarsFlickering>1.799999952</StarsFlickering>
				<AmbientCubeMap>Data\Engine\Skybox\Ocean.dds</AmbientCubeMap>
				<AmbientTreesCubeMap>Data\Engine\Skybox\Ocean.dds</AmbientTreesCubeMap>
				<BlurPass>2</BlurPass>
				<BlurSize>8</BlurSize>
				<TreesBlurPass>3</TreesBlurPass>
				<TreesBlurSize>100</TreesBlurSize>
				<ReflectionMap>Data\Engine\Skybox\Street.dds</ReflectionMap>
				<AmbientMultiplier>0.853333354</AmbientMultiplier>
			</1>
			<2>
				<Time>0.3333333433</Time>
				<Multiplier>1.346666694</Multiplier>
				<SunColor>0.968626976,0.5803920031,0.4509800076,1</SunColor>
				<MoonCourse>360</MoonCourse>
				<SunCourse>160</SunCourse>
				<HGg>0.9537039995</HGg>
				<Inscattering>1</Inscattering>
				<Rayleigh>0.5</Rayleigh>
				<SunSize>4.901929742e-007</SunSize>
				<SunIntensity>1</SunIntensity>
				<Turbidity>2</Turbidity>
				<SkyBlendingDistance>13135.7998</SkyBlendingDistance>
				<LambdaR>650</LambdaR>
				<LambdaG>570</LambdaG>
				<LambdaB>475</LambdaB>
				<HazeHeight>94.81479645</HazeHeight>
				<HazeIntensity>0.7160493731</HazeIntensity>
				<HazePosition>-0.01975310035</HazePosition>
				<HazeColor>0.980392158,0.3215686381,0.2039215714,1</HazeColor>
				<MoonSize>5000</MoonSize>
				<MoonBlending>0</MoonBlending>
				<StarsBrightness>2</StarsBrightness>
				<StarsFlickering>1.799999952</StarsFlickering>
				<AmbientCubeMap>Data\Engine\Skybox\Ocean.dds</AmbientCubeMap>
				<AmbientTreesCubeMap>Data\Engine\Skybox\Ocean.dds</AmbientTreesCubeMap>
				<BlurPass>2</BlurPass>
				<BlurSize>8</BlurSize>
				<TreesBlurPass>3</TreesBlurPass>
				<TreesBlurSize>100</TreesBlurSize>
				<ReflectionMap>Data\Engine\Skybox\Street.dds</ReflectionMap>
				<AmbientMultiplier>0.8000000119</AmbientMultiplier>
			</2>
			<3>
				<Time>0.375</Time>
				<Multiplier>1.413333297</Multiplier>
				<SunColor>0.9764710069,0.5333330035,0.4235289991,1</SunColor>
				<MoonCourse>11.25</MoonCourse>
				<SunCourse>175</SunCourse>
				<HGg>0.9234570265</HGg>
				<Inscattering>1</Inscattering>
				<Rayleigh>0.6666669846</Rayleigh>
				<SunSize>0</SunSize>
				<SunIntensity>1</SunIntensity>
				<Turbidity>2</Turbidity>
				<SkyBlendingDistance>13135.7998</SkyBlendingDistance>
				<LambdaR>650</LambdaR>
				<LambdaG>570</LambdaG>
				<LambdaB>423.1480103</LambdaB>
				<HazeHeight>94.81479645</HazeHeight>
				<HazeIntensity>0.3703700006</HazeIntensity>
				<HazePosition>-0.01975310035</HazePosition>
				<HazeColor>0.9843140244,0.3843140006,0.1764709949,1</HazeColor>
				<MoonSize>4000</MoonSize>
				<MoonBlending>0.1400000006</MoonBlending>
				<StarsBrightness>1.266669989</StarsBrightness>
				<StarsFlickering>1.799999952</StarsFlickering>
				<AmbientCubeMap>Data\Engine\Skybox\Ocean.dds</AmbientCubeMap>
				<AmbientTreesCubeMap>Data\Engine\Skybox\Ocean.dds</AmbientTreesCubeMap>
				<BlurPass>2</BlurPass>
				<BlurSize>8</BlurSize>
				<TreesBlurPass>3</TreesBlurPass>
				<TreesBlurSize>100</TreesBlurSize>
				<ReflectionMap>Data\Engine\Skybox\Street.dds</ReflectionMap>
				<AmbientMultiplier>0.7599999905</AmbientMultiplier>
			</3>
			<4>
				<Time>0.3958333433</Time>
				<Multiplier>0.6000000238</Multiplier>
				<SunColor>0.2588239908,0.3686270118,0.4588240087,1</SunColor>
				<MoonCourse>16.875</MoonCourse>
				<SunCourse>180</SunCourse>
				<HGg>0.9234570265</HGg>
				<Inscattering>0.4876540005</Inscattering>
				<Rayleigh>0.2777779996</Rayleigh>
				<SunSize>0</SunSize>
				<SunIntensity>1</SunIntensity>
				<Turbidity>1</Turbidity>
				<SkyBlendingDistance>15308.59961</SkyBlendingDistance>
				<LambdaR>654.9379883</LambdaR>
				<LambdaG>579.8770142</LambdaG>
				<LambdaB>415.7409973</LambdaB>
				<HazeHeight>85.18520355</HazeHeight>
				<HazeIntensity>0.1975309998</HazeIntensity>
				<HazePosition>-0.01975310035</HazePosition>
				<HazeColor>0.4745100141,0.5294119716,0.6588240266,1</HazeColor>
				<MoonSize>4000</MoonSize>
				<MoonBlending>0.3799999952</MoonBlending>
				<StarsBrightness>1.333330035</StarsBrightness>
				<StarsFlickering>2.5</StarsFlickering>
				<AmbientCubeMap>Data\Engine\Skybox\Ocean.dds</AmbientCubeMap>
				<AmbientTreesCubeMap>Data\Engine\Skybox\Ocean.dds</AmbientTreesCubeMap>
				<BlurPass>2</BlurPass>
				<BlurSize>8</BlurSize>
				<TreesBlurPass>3</TreesBlurPass>
				<TreesBlurSize>100</TreesBlurSize>
				<ReflectionMap>Data\Engine\Skybox\Street.dds</ReflectionMap>
				<AmbientMultiplier>0.4933330119</AmbientMultiplier>
			</4>
			<5>
				<Time>0.6666666865</Time>
				<Multiplier>0.6000000238</Multiplier>
				<SunColor>0.2588239908,0.3686270118,0.4588240087,1</SunColor>
				<MoonCourse>90</MoonCourse>
				<SunCourse>270</SunCourse>
				<HGg>0.9234570265</HGg>
				<Inscattering>0.4876540005</Inscattering>
				<Rayleigh>0.2777779996</Rayleigh>
				<SunSize>0</SunSize>
				<SunIntensity>1</SunIntensity>
				<Turbidity>1</Turbidity>
				<SkyBlendingDistance>15308.59961</SkyBlendingDistance>
				<LambdaR>654.9379883</LambdaR>
				<LambdaG>579.8770142</LambdaG>
				<LambdaB>415.7409973</LambdaB>
				<HazeHeight>85.18520355</HazeHeight>
				<HazeIntensity>0.1975309998</HazeIntensity>
				<HazePosition>-0.01975310035</HazePosition>
				<HazeColor>0.4745100141,0.5294119716,0.6588240266,1</HazeColor>
				<MoonSize>4000</MoonSize>
				<MoonBlending>0.3799999952</MoonBlending>
				<StarsBrightness>1.333330035</StarsBrightness>
				<StarsFlickering>2.5</StarsFlickering>
				<AmbientCubeMap>Data\Engine\Skybox\Ocean.dds</AmbientCubeMap>
				<AmbientTreesCubeMap>Data\Engine\Skybox\Ocean.dds</AmbientTreesCubeMap>
				<BlurPass>2</BlurPass>
				<BlurSize>8</BlurSize>
				<TreesBlurPass>3</TreesBlurPass>
				<TreesBlurSize>100</TreesBlurSize>
				<ReflectionMap>Data\Engine\Skybox\Street.dds</ReflectionMap>
				<AmbientMultiplier>0.4933330119</AmbientMultiplier>
			</5>
			<6>
				<Time>0.9375</Time>
				<Multiplier>0.6000000238</Multiplier>
				<SunColor>0.2588239908,0.3686270118,0.4588240087,1</SunColor>
				<MoonCourse>163.125</MoonCourse>
				<SunCourse>360</SunCourse>
				<HGg>0.9234570265</HGg>
				<Inscattering>0.4876540005</Inscattering>
				<Rayleigh>0.2777779996</Rayleigh>
				<SunSize>0</SunSize>
				<SunIntensity>1</SunIntensity>
				<Turbidity>1</Turbidity>
				<SkyBlendingDistance>15308.59961</SkyBlendingDistance>
				<LambdaR>654.9379883</LambdaR>
				<LambdaG>579.8770142</LambdaG>
				<LambdaB>415.7409973</LambdaB>
				<HazeHeight>85.18520355</HazeHeight>
				<HazeIntensity>0.1975309998</HazeIntensity>
				<HazePosition>-0.01975310035</HazePosition>
				<HazeColor>0.4745100141,0.5294119716,0.6588240266,1</HazeColor>
				<MoonSize>4000</MoonSize>
				<MoonBlending>0.3799999952</MoonBlending>
				<StarsBrightness>1.333330035</StarsBrightness>
				<StarsFlickering>2.5</StarsFlickering>
				<AmbientCubeMap>Data\Engine\Skybox\Ocean.dds</AmbientCubeMap>
				<AmbientTreesCubeMap>Data\Engine\Skybox\Ocean.dds</AmbientTreesCubeMap>
				<BlurPass>2</BlurPass>
				<BlurSize>8</BlurSize>
				<TreesBlurPass>3</TreesBlurPass>
				<TreesBlurSize>100</TreesBlurSize>
				<ReflectionMap>Data\Engine\Skybox\Street.dds</ReflectionMap>
				<AmbientMultiplier>0.4933330119</AmbientMultiplier>
			</6>
			<7>
				<Time>0.9583333135</Time>
				<Multiplier>1.30666995</Multiplier>
				<SunColor>0.9843140244,0.4862749875,0.3411760032,1</SunColor>
				<MoonCourse>168.75</MoonCourse>
				<SunCourse>5</SunCourse>
				<HGg>0.9234570265</HGg>
				<Inscattering>1</Inscattering>
				<Rayleigh>0.6666669846</Rayleigh>
				<SunSize>2.469140099e-006</SunSize>
				<SunIntensity>1</SunIntensity>
				<Turbidity>2</Turbidity>
				<SkyBlendingDistance>13135.7998</SkyBlendingDistance>
				<LambdaR>650</LambdaR>
				<LambdaG>570</LambdaG>
				<LambdaB>423.1480103</LambdaB>
				<HazeHeight>96.66666412</HazeHeight>
				<HazeIntensity>0.6666666865</HazeIntensity>
				<HazePosition>-0.01975310035</HazePosition>
				<HazeColor>0.9882352948,0.4392156899,0.2549019754,1</HazeColor>
				<MoonSize>4000</MoonSize>
				<MoonBlending>0.1400000006</MoonBlending>
				<StarsBrightness>1.266669989</StarsBrightness>
				<StarsFlickering>1.799999952</StarsFlickering>
				<AmbientCubeMap>Data\Engine\Skybox\Ocean.dds</AmbientCubeMap>
				<AmbientTreesCubeMap>Data\Engine\Skybox\Ocean.dds</AmbientTreesCubeMap>
				<BlurPass>2</BlurPass>
				<BlurSize>8</BlurSize>
				<TreesBlurPass>3</TreesBlurPass>
				<TreesBlurSize>100</TreesBlurSize>
				<ReflectionMap>Data\Engine\Skybox\Street.dds</ReflectionMap>
				<AmbientMultiplier>0.6800000072</AmbientMultiplier>
			</7>
			<8>
				<Time>1</Time>
				<Multiplier>1.440000057</Multiplier>
				<SunColor>0.9882349968,0.5764709711,0.3294120133,1</SunColor>
				<MoonCourse>180</MoonCourse>
				<SunCourse>20</SunCourse>
				<HGg>0.968827188</HGg>
				<Inscattering>1</Inscattering>
				<Rayleigh>0.555555582</Rayleigh>
				<SunSize>6.172840017e-007</SunSize>
				<SunIntensity>1</SunIntensity>
				<Turbidity>2</Turbidity>
				<SkyBlendingDistance>13135.7998</SkyBlendingDistance>
				<LambdaR>650</LambdaR>
				<LambdaG>570</LambdaG>
				<LambdaB>475</LambdaB>
				<HazeHeight>96.29629517</HazeHeight>
				<HazeIntensity>0.555555582</HazeIntensity>
				<HazePosition>-0.02962963097</HazePosition>
				<HazeColor>0.9882352948,0.400000006,0.1450980455,1</HazeColor>
				<MoonSize>5000</MoonSize>
				<MoonBlending>0</MoonBlending>
				<StarsBrightness>2</StarsBrightness>
				<StarsFlickering>1.799999952</StarsFlickering>
				<AmbientCubeMap>Data\Engine\Skybox\Ocean.dds</AmbientCubeMap>
				<AmbientTreesCubeMap>Data\Engine\Skybox\Ocean.dds</AmbientTreesCubeMap>
				<BlurPass>2</BlurPass>
				<BlurSize>8</BlurSize>
				<TreesBlurPass>3</TreesBlurPass>
				<TreesBlurSize>100</TreesBlurSize>
				<ReflectionMap>Data\Engine\Skybox\Street.dds</ReflectionMap>
				<AmbientMultiplier>0.7599999905</AmbientMultiplier>
			</8>
		</Keys>
	</Track>
</Sequence>
<SunCourse>
	<RiseAngle>0</RiseAngle>
	<Elevation>40</Elevation>
</SunCourse>
<MoonCourse>
	<RiseAngle>20</RiseAngle>
	<Elevation>65</Elevation>
</MoonCourse>