<?xml version="1.0" encoding="Windows-1252"?>

<Sequence>
	<Track>
		<Start>0</Start>
		<End>1</End>
		<Keys>
			<0>
				<Time>0</Time>
				<Multiplier>1.36</Multiplier>
				<SunColor>0.992157,0.721569,0.556863,1</SunColor>
				<MoonCourse>180</MoonCourse>
				<SunCourse>20</SunCourse>
				<HGg>0.953704</HGg>
				<Inscattering>1</Inscattering>
				<Rayleigh>0.518519</Rayleigh>
				<SunSize>6.17284e-007</SunSize>
				<SunIntensity>1</SunIntensity>
				<Turbidity>2</Turbidity>
				<SkyBlendingDistance>13135.8</SkyBlendingDistance>
				<LambdaR>650</LambdaR>
				<LambdaG>570</LambdaG>
				<LambdaB>475</LambdaB>
				<HazeHeight>94.8148</HazeHeight>
				<HazeIntensity>0.555556</HazeIntensity>
				<HazePosition>-0.0197531</HazePosition>
				<HazeColor>0.886275,0.27451,0.0156863,1</HazeColor>
				<MoonSize>5000</MoonSize>
				<MoonBlending>0</MoonBlending>
				<StarsBrightness>2</StarsBrightness>
				<StarsFlickering>1.8</StarsFlickering>
				<AmbientCubeMap>Data\Engine\Skybox\Street.dds</AmbientCubeMap>
				<AmbientTreesCubeMap>Data\Engine\Skybox\Snow.dds</AmbientTreesCubeMap>
				<BlurPass>2</BlurPass>
				<BlurSize>8</BlurSize>
				<ReflectionMap>Data\Engine\Skybox\Street.dds</ReflectionMap>
				<AmbientMultiplier>0.986667</AmbientMultiplier>
			</0>
			<1>
				<Time>0.166667</Time>
				<Multiplier>1.33333</Multiplier>
				<SunColor>0.992157,0.776471,0.533333,1</SunColor>
				<MoonCourse>270</MoonCourse>
				<SunCourse>90</SunCourse>
				<HGg>0.935556</HGg>
				<Inscattering>1</Inscattering>
				<Rayleigh>0.388889</Rayleigh>
				<SunSize>1.23457e-006</SunSize>
				<SunIntensity>1</SunIntensity>
				<Turbidity>2</Turbidity>
				<SkyBlendingDistance>11358</SkyBlendingDistance>
				<LambdaR>650</LambdaR>
				<LambdaG>570</LambdaG>
				<LambdaB>475</LambdaB>
				<HazeHeight>94.8148</HazeHeight>
				<HazeIntensity>0.481481</HazeIntensity>
				<HazePosition>-0.0197531</HazePosition>
				<HazeColor>0.909804,0.454902,0,1</HazeColor>
				<MoonSize>5000</MoonSize>
				<MoonBlending>0</MoonBlending>
				<StarsBrightness>2</StarsBrightness>
				<StarsFlickering>1.8</StarsFlickering>
				<AmbientCubeMap>Data\Engine\Skybox\Ocean.dds</AmbientCubeMap>
				<AmbientTreesCubeMap>Data\Engine\Skybox\Snow.dds</AmbientTreesCubeMap>
				<BlurPass>2</BlurPass>
				<BlurSize>8</BlurSize>
				<ReflectionMap>Data\Engine\Skybox\Street.dds</ReflectionMap>
				<AmbientMultiplier>0.813333</AmbientMultiplier>
			</1>
			<2>
				<Time>0.333333</Time>
				<Multiplier>1.30667</Multiplier>
				<SunColor>0.988235,0.666667,0.513726,1</SunColor>
				<MoonCourse>360</MoonCourse>
				<SunCourse>160</SunCourse>
				<HGg>0.953704</HGg>
				<Inscattering>1</Inscattering>
				<Rayleigh>0.5</Rayleigh>
				<SunSize>4.90193e-007</SunSize>
				<SunIntensity>1</SunIntensity>
				<Turbidity>2</Turbidity>
				<SkyBlendingDistance>13135.8</SkyBlendingDistance>
				<LambdaR>650</LambdaR>
				<LambdaG>570</LambdaG>
				<LambdaB>475</LambdaB>
				<HazeHeight>94.8148</HazeHeight>
				<HazeIntensity>0.54321</HazeIntensity>
				<HazePosition>-0.0197531</HazePosition>
				<HazeColor>0.976471,0.203922,0.0666667,1</HazeColor>
				<MoonSize>5000</MoonSize>
				<MoonBlending>0</MoonBlending>
				<StarsBrightness>2</StarsBrightness>
				<StarsFlickering>1.8</StarsFlickering>
				<AmbientCubeMap>Data\Engine\Skybox\Street.dds</AmbientCubeMap>
				<AmbientTreesCubeMap>Data\Engine\Skybox\Snow.dds</AmbientTreesCubeMap>
				<BlurPass>2</BlurPass>
				<BlurSize>8</BlurSize>
				<ReflectionMap>Data\Engine\Skybox\Street.dds</ReflectionMap>
				<AmbientMultiplier>0.973333</AmbientMultiplier>
			</2>
			<3>
				<Time>0.375</Time>
				<Multiplier>1.30667</Multiplier>
				<SunColor>0.980392,0.568627,0.462745,1</SunColor>
				<MoonCourse>11.25</MoonCourse>
				<SunCourse>175</SunCourse>
				<HGg>0.923457</HGg>
				<Inscattering>1</Inscattering>
				<Rayleigh>0.666667</Rayleigh>
				<SunSize>0</SunSize>
				<SunIntensity>1</SunIntensity>
				<Turbidity>2</Turbidity>
				<SkyBlendingDistance>13135.8</SkyBlendingDistance>
				<LambdaR>650</LambdaR>
				<LambdaG>570</LambdaG>
				<LambdaB>423.148</LambdaB>
				<HazeHeight>94.8148</HazeHeight>
				<HazeIntensity>0.37037</HazeIntensity>
				<HazePosition>-0.0197531</HazePosition>
				<HazeColor>0.984314,0.384314,0.176471,1</HazeColor>
				<MoonSize>4000</MoonSize>
				<MoonBlending>0.14</MoonBlending>
				<StarsBrightness>1.26667</StarsBrightness>
				<StarsFlickering>1.8</StarsFlickering>
				<AmbientCubeMap>Data\Engine\Skybox\Street.dds</AmbientCubeMap>
				<AmbientTreesCubeMap>Data\Engine\Skybox\Snow.dds</AmbientTreesCubeMap>
				<BlurPass>2</BlurPass>
				<BlurSize>8</BlurSize>
				<ReflectionMap>Data\Engine\Skybox\Street.dds</ReflectionMap>
				<AmbientMultiplier>1.05333</AmbientMultiplier>
			</3>
			<4>
				<Time>0.395833</Time>
				<Multiplier>0.6</Multiplier>
				<SunColor>0.258824,0.368627,0.458824,1</SunColor>
				<MoonCourse>16.875</MoonCourse>
				<SunCourse>180</SunCourse>
				<HGg>0.923457</HGg>
				<Inscattering>0.487654</Inscattering>
				<Rayleigh>0.277778</Rayleigh>
				<SunSize>0</SunSize>
				<SunIntensity>1</SunIntensity>
				<Turbidity>1</Turbidity>
				<SkyBlendingDistance>15308.6</SkyBlendingDistance>
				<LambdaR>654.938</LambdaR>
				<LambdaG>579.877</LambdaG>
				<LambdaB>415.741</LambdaB>
				<HazeHeight>85.1852</HazeHeight>
				<HazeIntensity>0.197531</HazeIntensity>
				<HazePosition>-0.0197531</HazePosition>
				<HazeColor>0.47451,0.529412,0.658824,1</HazeColor>
				<MoonSize>4000</MoonSize>
				<MoonBlending>0.38</MoonBlending>
				<StarsBrightness>1.33333</StarsBrightness>
				<StarsFlickering>2.5</StarsFlickering>
				<AmbientCubeMap>Data\Engine\Skybox\Street.dds</AmbientCubeMap>
				<AmbientTreesCubeMap>Data\Engine\Skybox\Snow.dds</AmbientTreesCubeMap>
				<BlurPass>2</BlurPass>
				<BlurSize>8</BlurSize>
				<ReflectionMap>Data\Engine\Skybox\Street.dds</ReflectionMap>
				<AmbientMultiplier>0.493333</AmbientMultiplier>
			</4>
			<5>
				<Time>0.666667</Time>
				<Multiplier>0.6</Multiplier>
				<SunColor>0.258824,0.368627,0.458824,1</SunColor>
				<MoonCourse>90</MoonCourse>
				<SunCourse>270</SunCourse>
				<HGg>0.923457</HGg>
				<Inscattering>0.487654</Inscattering>
				<Rayleigh>0.277778</Rayleigh>
				<SunSize>0</SunSize>
				<SunIntensity>1</SunIntensity>
				<Turbidity>1</Turbidity>
				<SkyBlendingDistance>15308.6</SkyBlendingDistance>
				<LambdaR>654.938</LambdaR>
				<LambdaG>579.877</LambdaG>
				<LambdaB>415.741</LambdaB>
				<HazeHeight>85.1852</HazeHeight>
				<HazeIntensity>0.197531</HazeIntensity>
				<HazePosition>-0.0197531</HazePosition>
				<HazeColor>0.47451,0.529412,0.658824,1</HazeColor>
				<MoonSize>4000</MoonSize>
				<MoonBlending>0.38</MoonBlending>
				<StarsBrightness>1.33333</StarsBrightness>
				<StarsFlickering>2.5</StarsFlickering>
				<AmbientCubeMap>Data\Engine\Skybox\Street.dds</AmbientCubeMap>
				<AmbientTreesCubeMap>Data\Engine\Skybox\Snow.dds</AmbientTreesCubeMap>
				<BlurPass>2</BlurPass>
				<BlurSize>8</BlurSize>
				<ReflectionMap>Data\Engine\Skybox\Street.dds</ReflectionMap>
				<AmbientMultiplier>0.493333</AmbientMultiplier>
			</5>
			<6>
				<Time>0.9375</Time>
				<Multiplier>0.6</Multiplier>
				<SunColor>0.258824,0.368627,0.458824,1</SunColor>
				<MoonCourse>163.125</MoonCourse>
				<SunCourse>360</SunCourse>
				<HGg>0.923457</HGg>
				<Inscattering>0.487654</Inscattering>
				<Rayleigh>0.277778</Rayleigh>
				<SunSize>0</SunSize>
				<SunIntensity>1</SunIntensity>
				<Turbidity>1</Turbidity>
				<SkyBlendingDistance>15308.6</SkyBlendingDistance>
				<LambdaR>654.938</LambdaR>
				<LambdaG>579.877</LambdaG>
				<LambdaB>415.741</LambdaB>
				<HazeHeight>85.1852</HazeHeight>
				<HazeIntensity>0.197531</HazeIntensity>
				<HazePosition>-0.0197531</HazePosition>
				<HazeColor>0.47451,0.529412,0.658824,1</HazeColor>
				<MoonSize>4000</MoonSize>
				<MoonBlending>0.38</MoonBlending>
				<StarsBrightness>1.33333</StarsBrightness>
				<StarsFlickering>2.5</StarsFlickering>
				<AmbientCubeMap>Data\Engine\Skybox\Street.dds</AmbientCubeMap>
				<AmbientTreesCubeMap>Data\Engine\Skybox\Snow.dds</AmbientTreesCubeMap>
				<BlurPass>2</BlurPass>
				<BlurSize>8</BlurSize>
				<ReflectionMap>Data\Engine\Skybox\Street.dds</ReflectionMap>
				<AmbientMultiplier>0.493333</AmbientMultiplier>
			</6>
			<7>
				<Time>0.958333</Time>
				<Multiplier>1.30667</Multiplier>
				<SunColor>0.984314,0.572549,0.45098,1</SunColor>
				<MoonCourse>168.75</MoonCourse>
				<SunCourse>5</SunCourse>
				<HGg>0.923457</HGg>
				<Inscattering>1</Inscattering>
				<Rayleigh>0.666667</Rayleigh>
				<SunSize>2.46914e-006</SunSize>
				<SunIntensity>1</SunIntensity>
				<Turbidity>2</Turbidity>
				<SkyBlendingDistance>13135.8</SkyBlendingDistance>
				<LambdaR>650</LambdaR>
				<LambdaG>570</LambdaG>
				<LambdaB>423.148</LambdaB>
				<HazeHeight>94.8148</HazeHeight>
				<HazeIntensity>0.37037</HazeIntensity>
				<HazePosition>-0.0197531</HazePosition>
				<HazeColor>0.886275,0.239216,0.0196078,1</HazeColor>
				<MoonSize>4000</MoonSize>
				<MoonBlending>0.14</MoonBlending>
				<StarsBrightness>1.26667</StarsBrightness>
				<StarsFlickering>1.8</StarsFlickering>
				<AmbientCubeMap>Data\Engine\Skybox\Street.dds</AmbientCubeMap>
				<AmbientTreesCubeMap>Data\Engine\Skybox\Snow.dds</AmbientTreesCubeMap>
				<BlurPass>2</BlurPass>
				<BlurSize>8</BlurSize>
				<ReflectionMap>Data\Engine\Skybox\Street.dds</ReflectionMap>
				<AmbientMultiplier>0.96</AmbientMultiplier>
			</7>
			<8>
				<Time>1</Time>
				<Multiplier>1.36</Multiplier>
				<SunColor>0.992157,0.721569,0.556863,1</SunColor>
				<MoonCourse>180</MoonCourse>
				<SunCourse>20</SunCourse>
				<HGg>0.953704</HGg>
				<Inscattering>1</Inscattering>
				<Rayleigh>0.518519</Rayleigh>
				<SunSize>6.17284e-007</SunSize>
				<SunIntensity>1</SunIntensity>
				<Turbidity>2</Turbidity>
				<SkyBlendingDistance>13135.8</SkyBlendingDistance>
				<LambdaR>650</LambdaR>
				<LambdaG>570</LambdaG>
				<LambdaB>475</LambdaB>
				<HazeHeight>94.8148</HazeHeight>
				<HazeIntensity>0.555556</HazeIntensity>
				<HazePosition>-0.0197531</HazePosition>
				<HazeColor>0.886275,0.27451,0.0156863,1</HazeColor>
				<MoonSize>5000</MoonSize>
				<MoonBlending>0</MoonBlending>
				<StarsBrightness>2</StarsBrightness>
				<StarsFlickering>1.8</StarsFlickering>
				<AmbientCubeMap>Data\Engine\Skybox\Street.dds</AmbientCubeMap>
				<AmbientTreesCubeMap>Data\Engine\Skybox\Snow.dds</AmbientTreesCubeMap>
				<BlurPass>2</BlurPass>
				<BlurSize>8</BlurSize>
				<ReflectionMap>Data\Engine\Skybox\Street.dds</ReflectionMap>
				<AmbientMultiplier>0.986667</AmbientMultiplier>
			</8>
		</Keys>
	</Track>
</Sequence>
<SunCourse>
	<RiseAngle>0</RiseAngle>
	<Elevation>40</Elevation>
</SunCourse>
<MoonCourse>
	<RiseAngle>20</RiseAngle>
	<Elevation>65</Elevation>
</MoonCourse>