<?xml version="1.0" encoding="Windows-1252"?>

<Budget>

    <City>
        <InitTaxPercent>
            <OnFirmProfit>25</OnFirmProfit>
            <OnCitizenSalary>15</OnCitizenSalary>
        </InitTaxPercent>
        <FirmBankrupt>
            <ProfitabilityPercent>-10</ProfitabilityPercent>
            <NbTurn>5000000000</NbTurn>
            <NbTurnRestore>5</NbTurnRestore>
        </FirmBankrupt>
        <FirmImmigration>
            <NbByTurn>5</NbByTurn>
            <Requirement>
                <!-- satisfaction interpolation between steps -->
                <CityFirmSatisfaction CitizenMax="0" Val="0" />
                <CityFirmSatisfaction CitizenMax="40" Val="2" />
                <CityFirmSatisfaction CitizenMax="60" Val="4" />
                <CityFirmSatisfaction CitizenMax="140" Val="8" />
                <CityFirmSatisfaction CitizenMax="200" Val="12" />
                <CityFirmSatisfaction CitizenMax="10000" Val="16" />
            </Requirement>
        </FirmImmigration>
	<ResidenceRent>
		<R1>20</R1>
		<R2>30</R2>
		<R3>40</R3>
		<R4>50</R4>
	</ResidenceRent>
	<FirmBenefPercentOnWorker>
		<R1>5</R1>
		<R2>5</R2>
		<R3>10</R3>
		<R4>20</R4>
	</FirmBenefPercentOnWorker>
    </City>

    <Money>100000</Money>

    <Credit>
        <AllowedLoan1>
            <DirectMoneyForPlayer>100000</DirectMoneyForPlayer>
            <RepaymentByTurn>2000</RepaymentByTurn>
            <RepaymentNbTurn>50</RepaymentNbTurn>
            <ReactiveLoanNbTurnAfterRepayed>-1</ReactiveLoanNbTurnAfterRepayed>
        </AllowedLoan1>
        <AllowedLoan2>
            <DirectMoneyForPlayer>500000</DirectMoneyForPlayer>
            <RepaymentByTurn>10000</RepaymentByTurn>
            <RepaymentNbTurn>50</RepaymentNbTurn>
            <ReactiveLoanNbTurnAfterRepayed>-1</ReactiveLoanNbTurnAfterRepayed>
        </AllowedLoan2>
        <AllowedLoan3>
            <DirectMoneyForPlayer>1000000</DirectMoneyForPlayer>
            <RepaymentByTurn>20000</RepaymentByTurn>
            <RepaymentNbTurn>50</RepaymentNbTurn>
            <ReactiveLoanNbTurnAfterRepayed>-1</ReactiveLoanNbTurnAfterRepayed>
        </AllowedLoan3>        
        <!-- Obsolete
        <MaxDebt>1000000</MaxDebt>
        <MaxNbTurn>24</MaxNbTurn>
        <MaxPercentCost>200</MaxPercentCost>
        <MinStep>100</MinStep>
        -->
    </Credit>
    
    <Categories>
        
	<Category>
		CONSTRUCTION
		<Type>DIRECTEXPENSE</Type>
            	<SubCategory>BUILDING</SubCategory>
            	<SubCategory>ROAD</SubCategory>
		<SubCategory>RAIL</SubCategory>
	</Category>

        <Category>
            DESTRUCTION
            <Type>DIRECTEXPENSE</Type>
        </Category>

        <Category>
            CREDIT
            <Type>DIRECTINCOME</Type>
        </Category>

        <Category>
            CITIZENTAX
            <Type>INCOME</Type>
            <SubCategory>R1</SubCategory>
            <SubCategory>R2</SubCategory>
            <SubCategory>R3</SubCategory>
            <SubCategory>R4</SubCategory>
        </Category>

        <Category>
            FIRMTAX
            <Type>INCOME</Type>
        </Category>

        <Category>
            DEBT
            <Type>EXPENSE</Type>
        </Category>

        <Category>
            UPKEEP
            <Type>EXPENSE</Type>
            <SubCategory>GENERICSERVICE</SubCategory> 
            <SubCategory>HEALTH</SubCategory> <!-- Tag Health  -->
            <SubCategory>FIREPROTECTION</SubCategory> <!-- Tag FireServices -->
            <SubCategory>POLICE</SubCategory> <!-- Tag PoliceServices -->
            <SubCategory>ENVIRONMENT</SubCategory> <!-- Tag Environment -->
            <SubCategory>EDUCATION</SubCategory> <!-- Tag Education -->
            <SubCategory>TOWNHALL</SubCategory> <!-- Tag TownHall -->
            <SubCategory>ROAD</SubCategory>
            <SubCategory>UTILITY</SubCategory> <!-- Tag TownHall -->
            <SubCategory>ZONE</SubCategory> <!-- Tag Zone -->
        </Category>

        <Category>  
            IMPORT
            <Type>EXPENSE</Type>
        </Category>

        <Category>  
            EXPORT
            <Type>INCOME</Type>
        </Category> 

    </Categories>        
       
</Budget>