<?xml version="1.0" encoding="utf-8"?>

<Budget>

    <PublicService>0</PublicService>

    <Money>25000</Money>

    <Credit>
        <MaxDebt>100000</MaxDebt>
        <MaxNbTurn>24</MaxNbTurn>
        <MaxPercentCost>200</MaxPercentCost>
        <MinStep>100</MinStep>
    </Credit>

    <Bankrupt>
        <Cash>-5000</Cash>
        <NbTurn>5</NbTurn>
        <NbTurnRestore>5</NbTurnRestore>
    </Bankrupt>

    <Categories>

        <Category>
            CONSTRUCTION
            <Type>DIRECTEXPENSE</Type>
            <SubCategory>BUILDING</SubCategory>
            <SubCategory>ROAD</SubCategory>            
            <SubCategory>PISTE</SubCategory>
            <SubCategory>SHOPPING</SubCategory>
            <SubCategory>RESTAURANT</SubCategory>            
        </Category>

        <Category>
            DESTRUCTION
            <Type>DIRECTEXPENSE</Type>
        </Category>

        <Category>
            CREDIT
            <Type>DIRECTINCOME</Type>
        </Category>

        <Category>
            PISTE
            <Type>INCOME</Type>
        </Category>        
        
        <Category>
            SHOPPING
            <Type>INCOME</Type>
        </Category>

        <Category>
            RESTAURANT
            <Type>INCOME</Type>
        </Category>        

        <Category>
            SALES
            <Type>INCOME</Type>
            <SubCategory>ACTIVITY</SubCategory>
            <SubCategory>HOTEL</SubCategory>
        </Category>        

        <Category>
            DEBT
            <Type>EXPENSE</Type>
        </Category>

        <Category>
            UPKEEP
            <Type>EXPENSE</Type>
            <SubCategory>ROAD</SubCategory>
            <SubCategory>PISTE</SubCategory>
            <SubCategory>SHOPPING</SubCategory>
            <SubCategory>RESTAURANT</SubCategory>
            <SubCategory>SALARY</SubCategory>
            <SubCategory>BUILDING</SubCategory>
            <SubCategory>TIMESLOT</SubCategory>
        </Category>

        <Category>
            IMPORT
            <Type>EXPENSE</Type>
        </Category>

        <Category>
            EXPORT
            <Type>INCOME</Type>
        </Category>

    </Categories>

</Budget>