<?xml version="1.0" encoding="utf-8"?>

<Budget>

    <PublicService>1</PublicService>

    <Money>100000</Money>

    <Credit>
        <MaxDebt>100000</MaxDebt>
        <MaxNbTurn>24</MaxNbTurn>
        <MaxPercentCost>200</MaxPercentCost>
        <MinStep>100</MinStep>
    </Credit>

    <Bankrupt>
        <Cash>-5000</Cash>
        <NbTurn>5</NbTurn>
        <NbTurnRestore>5</NbTurnRestore>
    </Bankrupt>

    <Categories>

        <Category>
            CONSTRUCTION
            <Type>DIRECTEXPENSE</Type>
            <SubCategory>BUILDING</SubCategory>
            <SubCategory>ROUTE</SubCategory>                  
        </Category>

        <Category>
            DESTRUCTION
            <Type>DIRECTEXPENSE</Type>
        </Category>

        <Category>
            CREDIT
            <Type>DIRECTINCOME</Type>
        </Category>
      
        <Category>
            DEBT
            <Type>EXPENSE</Type>
        </Category>

        <Category>
            UPKEEP
            <Type>EXPENSE</Type>
            <SubCategory>ROUTE</SubCategory>
            <SubCategory>SALARY</SubCategory>
        </Category>

        <Category>
            IMPORT
            <Type>EXPENSE</Type>
        </Category>

        <Category>
            EXPORT
            <Type>INCOME</Type>
        </Category>

    </Categories>

</Budget>