<!-- Sample script template for Need For Speed -->
<!-- Date: 04/08/16 -->

<cars>
<car_bugatti_veyronsupersport_2012_mesh.mesh>
   <parts>
      <part>M_Tire_High</part>
      <part>M_BrakeDisc_High</part>
      <part>M_Caliper_High</part>
      <part>M_Rim_High</part>
   </parts>
   <wheels>
      <fl><trans>0.86325896 0.22018297 1.2942749</trans></fl>
      <fr><trans>-0.81053865 0.24464998 -1.419171</trans></fr>
      <rl><trans>-0.86325896 0.22018297 1.2942749</trans></rl>
      <rr><trans>0.81053865 0.24464998 -1.419171</trans></rr>
   </wheels>
</car_bugatti_veyronsupersport_2012_mesh.mesh>


<car_bmw_m3e46_2003_mesh.mesh>
   <parts>
      <part>M_Tire_High</part>
      <part>M_BrakeDisc_High</part>
      <part>M_Caliper_High</part>
      <part>M_Rim_High</part>
   </parts>
   <wheels>
      <fl><trans>0 0 0</trans><rotate>0 0 0</rotate></fl>
      <fr><trans>0 0 0</trans><rotate>0 0 0</rotate></fr>
      <rl><trans>0 0 0</trans><rotate>0 0 0</rotate></rl>
      <rr><trans>0 0 0</trans><rotate>0 0 0</rotate></rr>
   </wheels>
</car_bmw_m3e46_2003_mesh.mesh>


<car_bmw_m3e46_2003_wheelfl_seta_generic_mesh.mesh>
 <trans>0.7427433 0.18698251 1.4726108</trans>
</car_bmw_m3e46_2003_wheelfl_seta_generic_mesh.mesh>

<car_bmw_m3e46_2003_wheelfr_seta_generic_mesh.mesh>
 <trans>0.73564607 0.1891137 -1.2637401</trans>
</car_bmw_m3e46_2003_wheelfr_seta_generic_mesh.mesh>

<car_bmw_m3e46_2003_wheelrl_seta_generic_mesh.mesh>
 <trans>-0.7429049 0.18698251 1.4726108</trans>
</car_bmw_m3e46_2003_wheelrl_seta_generic_mesh.mesh>

<car_bmw_m3e46_2003_wheelrr_seta_generic_mesh.mesh>
 <trans>-0.7357229 0.1891137 -1.2637401</trans>
</car_bmw_m3e46_2003_wheelrr_seta_generic_mesh.mesh>
</cars>

