<?xml version="1.0" encoding="ISO-8859-1" standalone="yes"?>
<firms>
     <rangelist>
          <citizenrange min="1" max="100">
                <immigration>
                    <NbFirmsImmigrantsByTurn>
                            <t1>1</t1>
                            <t2>1</t2>
                            <t3>1</t3>
                            <t4>1</t4>
                            <t5>1</t5>
                            <t6>1</t6>
                    </NbFirmsImmigrantsByTurn>
                </immigration>
                <emigration>
                    <NbFirmsEmigrantsByTurn>
                            <t1>1</t1>
                            <t2>1</t2>
                            <t3>1</t3>
                            <t4>1</t4>
                            <t5>1</t5>
                            <t6>1</t6>
                    </NbFirmsEmigrantsByTurn>
                </emigration>
          </citizenrange>
          <citizenrange min="101" max="260">
                <immigration>
                    <NbFirmsImmigrantsByTurn>
                            <t1>2</t1>
                            <t2>2</t2>
                            <t3>2</t3>
                            <t4>2</t4>
                            <t5>2</t5>
                            <t6>2</t6>
                    </NbFirmsImmigrantsByTurn>
                </immigration>
                <emigration>
                    <NbFirmsEmigrantsByTurn>
                            <t1>2</t1>
                            <t2>2</t2>
                            <t3>2</t3>
                            <t4>2</t4>
                            <t5>2</t5>
                            <t6>2</t6>
                    </NbFirmsEmigrantsByTurn>
                </emigration>
          </citizenrange>
          <citizenrange min="261" max="418">
                <immigration>
                    <NbFirmsImmigrantsByTurn>
                            <t1>4</t1>
                            <t2>4</t2>
                            <t3>4</t3>
                            <t4>4</t4>
                            <t5>4</t5>
                            <t6>4</t6>
                    </NbFirmsImmigrantsByTurn>
                </immigration>
                <emigration>
                    <NbFirmsEmigrantsByTurn>
                            <t1>4</t1>
                            <t2>4</t2>
                            <t3>4</t3>
                            <t4>4</t4>
                            <t5>4</t5>
                            <t6>4</t6>
                    </NbFirmsEmigrantsByTurn>
                </emigration>
          </citizenrange>
          <citizenrange min="419" max="610">
                <immigration>
                    <NbFirmsImmigrantsByTurn>
                            <t1>6</t1>
                            <t2>6</t2>
                            <t3>6</t3>
                            <t4>6</t4>
                            <t5>6</t5>
                            <t6>6</t6>
                    </NbFirmsImmigrantsByTurn>
                </immigration>
                <emigration>
                    <NbFirmsEmigrantsByTurn>
                            <t1>6</t1>
                            <t2>6</t2>
                            <t3>6</t3>
                            <t4>6</t4>
                            <t5>6</t5>
                            <t6>6</t6>
                    </NbFirmsEmigrantsByTurn>
                </emigration>
          </citizenrange>
          <citizenrange min="611" max="774">
                <immigration>
                    <NbFirmsImmigrantsByTurn>
                            <t1>8</t1>
                            <t2>8</t2>
                            <t3>8</t3>
                            <t4>8</t4>
                            <t5>8</t5>
                            <t6>8</t6>
                    </NbFirmsImmigrantsByTurn>
                </immigration>
                <emigration>
                    <NbFirmsEmigrantsByTurn>
                            <t1>8</t1>
                            <t2>8</t2>
                            <t3>8</t3>
                            <t4>8</t4>
                            <t5>8</t5>
                            <t6>8</t6>
                    </NbFirmsEmigrantsByTurn>
                </emigration>
          </citizenrange>
          <citizenrange min="775" max="1609">
                <immigration>
                    <NbFirmsImmigrantsByTurn>
                            <t1>10</t1>
                            <t2>10</t2>
                            <t3>10</t3>
                            <t4>10</t4>
                            <t5>10</t5>
                            <t6>10</t6>
                    </NbFirmsImmigrantsByTurn>
                </immigration>
                <emigration>
                    <NbFirmsEmigrantsByTurn>
                            <t1>10</t1>
                            <t2>10</t2>
                            <t3>10</t3>
                            <t4>10</t4>
                            <t5>10</t5>
                            <t6>10</t6>
                    </NbFirmsEmigrantsByTurn>
                </emigration>
          </citizenrange>
          <citizenrange min="1610" max="2262">
                <immigration>
                    <NbFirmsImmigrantsByTurn>
                            <t1>12</t1>
                            <t2>12</t2>
                            <t3>12</t3>
                            <t4>12</t4>
                            <t5>12</t5>
                            <t6>12</t6>
                    </NbFirmsImmigrantsByTurn>
                </immigration>
                <emigration>
                    <NbFirmsEmigrantsByTurn>
                            <t1>12</t1>
                            <t2>12</t2>
                            <t3>12</t3>
                            <t4>12</t4>
                            <t5>12</t5>
                            <t6>12</t6>
                    </NbFirmsEmigrantsByTurn>
                </emigration>
          </citizenrange>
          <citizenrange min="2263" max="3397">
                <immigration>
                    <NbFirmsImmigrantsByTurn>
                            <t1>14</t1>
                            <t2>14</t2>
                            <t3>14</t3>
                            <t4>14</t4>
                            <t5>14</t5>
                            <t6>14</t6>
                    </NbFirmsImmigrantsByTurn>
                </immigration>
                <emigration>
                    <NbFirmsEmigrantsByTurn>
                            <t1>14</t1>
                            <t2>14</t2>
                            <t3>14</t3>
                            <t4>14</t4>
                            <t5>14</t5>
                            <t6>14</t6>
                    </NbFirmsEmigrantsByTurn>
                </emigration>
          </citizenrange>
          <citizenrange min="3398" max="4309">
                <immigration>
                    <NbFirmsImmigrantsByTurn>
                            <t1>16</t1>
                            <t2>16</t2>
                            <t3>16</t3>
                            <t4>16</t4>
                            <t5>16</t5>
                            <t6>16</t6>
                    </NbFirmsImmigrantsByTurn>
                </immigration>
                <emigration>
                    <NbFirmsEmigrantsByTurn>
                            <t1>16</t1>
                            <t2>16</t2>
                            <t3>16</t3>
                            <t4>16</t4>
                            <t5>16</t5>
                            <t6>16</t6>
                    </NbFirmsEmigrantsByTurn>
                </emigration>
          </citizenrange>
          <citizenrange min="4310" max="6840">
                <immigration>
                    <NbFirmsImmigrantsByTurn>
                            <t1>18</t1>
                            <t2>18</t2>
                            <t3>18</t3>
                            <t4>18</t4>
                            <t5>18</t5>
                            <t6>18</t6>
                    </NbFirmsImmigrantsByTurn>
                </immigration>
                <emigration>
                    <NbFirmsEmigrantsByTurn>
                            <t1>18</t1>
                            <t2>18</t2>
                            <t3>18</t3>
                            <t4>18</t4>
                            <t5>18</t5>
                            <t6>18</t6>
                    </NbFirmsEmigrantsByTurn>
                </emigration>
          </citizenrange>
          <citizenrange min="6841" max="8963">
                <immigration>
                    <NbFirmsImmigrantsByTurn>
                            <t1>20</t1>
                            <t2>20</t2>
                            <t3>20</t3>
                            <t4>20</t4>
                            <t5>20</t5>
                            <t6>20</t6>
                    </NbFirmsImmigrantsByTurn>
                </immigration>
                <emigration>
                    <NbFirmsEmigrantsByTurn>
                            <t1>20</t1>
                            <t2>20</t2>
                            <t3>20</t3>
                            <t4>20</t4>
                            <t5>20</t5>
                            <t6>20</t6>
                    </NbFirmsEmigrantsByTurn>
                </emigration>
          </citizenrange>
          <citizenrange min="8964" max="12599">
                <immigration>
                    <NbFirmsImmigrantsByTurn>
                            <t1>22</t1>
                            <t2>22</t2>
                            <t3>22</t3>
                            <t4>22</t4>
                            <t5>22</t5>
                            <t6>22</t6>
                    </NbFirmsImmigrantsByTurn>
                </immigration>
                <emigration>
                    <NbFirmsEmigrantsByTurn>
                            <t1>22</t1>
                            <t2>22</t2>
                            <t3>22</t3>
                            <t4>22</t4>
                            <t5>22</t5>
                            <t6>22</t6>
                    </NbFirmsEmigrantsByTurn>
                </emigration>
          </citizenrange>
     </rangelist>
     <immigration>
          <marginlow>1</marginlow>
          <marginhigh>20</marginhigh>
      </immigration>
</firms>
