<NeoX>
	<MaterialGroup
		Version="0,0,1,3"
		Name=""
		MaterialCount="1">
		<Material_0
			Type="0"
			Id="00000000-00000000-00000000-00000000">
			<Material
				Version="0,0,1,3"
				Name="Material #6113">
				<AnimParam
					Speed="1.000000" />
				<ShaderMacro />
				<Technique
					Type="Effect"
					TechName="shader\cartoon.fx::TShader" />
				<ParamTable>
					<ShadowTex
						Value="" />
					<MaskTex
						Value="" />
					<FaceMaskTex
						Value="" />
					<RampTex
						Value="" />
					<FlowLightMaskTex
						Value="" />
					<FlowLightNoiseTex
						Value="" />
					<AlbedoTintMaskTex
						Value="" />
					<HairAlbedoTintMaskTex
						Value="" />
					<ClothAlbedoTintMaskTex
						Value="" />
					<CustomCharTex
						Value="" />
					<Tex0
						Value="model\canon\luna_sqdwzj\luna_shenqidongwuxuejia.tga" />
				</ParamTable>
				<LightingMaterial />
				<RenderStates
					AlphaRef="0"
					AlphaVal="255"
					CullMode="2">
					<TransparentMode
						TransparentMode="1" />
				</RenderStates>
			</Material>
		</Material_0>
	</MaterialGroup>
</NeoX>
