<NeoX
	TangentEnable="true"
	HighPrecisionAABBEnable="false"
	AnimAccumEnable="false"
	PreZAlphaBlend="false"
	GeoBatchHint="0"
	UseReflectionProbe="2"
	UseLightProbe="0"
	UseReflectionProbeAtSubMesh="false"
	UseLightProbeAtSubMesh="false"
	ProbeAnchorType="0"
	BoundingInfo="(0.0000, 9.6193, -1.0380),(36.1005, 39.6491, 33.4973),63.2247"
	UseNewAnimationSystem="true"
	BoundingBone="13"
	OwLodLevel="0">
	<SubMesh>
		<Sub0
			Name="luna__shenqidongwu"
			MtlIdx="0"
			BoundingCenter="0.000000,9.619326,-1.038029"
			BoundingHalf="6.100541,9.649088,3.497305"
			RenderGroup="0"
			RenderOffset="0"
			ShadowBias="0.000000"
			ShadowNormalBias="0.000000"
			IsSkin4S="false"
			Reflectable="true" />
	</SubMesh>
	<LogicProperties>
		<CastShadow
			type="0"
			value="false" />
		<ReceiveShadow
			type="0"
			value="false" />
	</LogicProperties>
	<MtgFile
		MtgPath="model\canon\luna_sqdwzj\luna_shenqidongwuxuejia.mtg" />
	<Lods />
	<Sockets
		Version="4">
		<Socket_0
			BindType="7"
			BoneName="bip001 spine1"
			MatrixToBone="-0.121234,-0.964823,0.193059,0.000000,0.971606,-0.074990,0.220027,0.000000,-0.203376,0.215157,0.944297,0.000000,0.354364,0.248614,0.162249,1.000000"
			MustShow="false"
			Name="hit_point" />
		<Socket_1
			BindType="5"
			BoneName="bip001 head"
			MatrixToBone="-0.025548,-1.001506,0.009200,0.000000,0.933453,-0.027194,-0.368195,0.000000,0.368064,-0.000817,0.933185,0.000000,3.599427,0.047071,-1.343077,1.000000"
			MustShow="false"
			Name="head" />
		<Socket_2
			BindType="7"
			BoneName="bip001 prop1"
			MatrixToBone="-0.738200,-1.745900,-0.608500,0.000000,0.474000,0.455300,-1.881600,0.000000,1.783500,-0.839900,0.246100,0.000000,0.020300,5.517900,-0.033700,1.000000"
			MustShow="false"
			Name="attack_point">
			<BoundObject>
				<Object
					Name="fx\effect\biubiubiu_xuli.sfx" />
				<Object
					Name="fx\effect\biubiubiu_zi01.sfx" />
				<Object
					Name="fx/effect/huixiang/luna/hxjm_luna_cs_wand.sfx" />
			</BoundObject>
		</Socket_2>
		<Socket_3
			BindType="7"
			MatrixToBone="1.000000,0.000000,0.000000,0.000000,0.000000,1.000000,0.000000,0.000000,0.000000,0.000000,1.000000,0.000000,0.086200,0.000000,12.884900,1.000000"
			MustShow="false"
			Name="forward_point" />
		<Socket_4
			BindType="7"
			MatrixToBone="0.550000,0.000000,0.000000,0.000000,0.000000,0.550000,0.000000,0.000000,0.000000,0.000000,0.550000,0.000000,0.000000,0.000000,0.000000,1.000000"
			MustShow="true"
			Name="shadow_point" />
		<Socket_5
			BindType="7"
			BoneName="bip001 spine1"
			MatrixToBone="0.000000,-1.003542,0.000000,0.000000,0.979306,0.000000,0.214106,0.000000,-0.213987,0.000000,0.978763,0.000000,0.043976,-0.003899,0.127642,1.000000"
			MustShow="false"
			Name="demark_point" />
		<Socket_6
			BindType="7"
			BoneName="bip001 spine1"
			MatrixToBone="0.000000,-1.003542,0.000000,0.000000,0.979306,0.000000,0.214106,0.000000,-0.213987,0.000000,0.978763,0.000000,-0.246083,0.265800,0.001676,1.000000"
			MustShow="false"
			Name="buff_point" />
		<Socket_7
			BindType="7"
			BoneName="bip001 spine1"
			MatrixToBone="0.000000,-1.003542,0.000000,0.000000,0.979306,0.000000,0.214106,0.000000,-0.213987,0.000000,0.978763,0.000000,1.222974,-0.169896,0.292157,1.000000"
			MustShow="false"
			Name="debuff_point" />
		<Socket_8
			BindType="7"
			BoneName="bip001 spine1"
			MatrixToBone="0.000000,-1.003542,0.000000,0.000000,0.979306,0.000000,0.214106,0.000000,-0.213987,0.000000,0.978763,0.000000,1.116084,-0.083901,0.338839,1.000000"
			MustShow="false"
			Name="mark_point" />
		<Socket_9
			BindType="7"
			MatrixToBone="1.000000,0.000000,0.000000,0.000000,0.000000,1.000000,0.000000,0.000000,0.000000,0.000000,1.000000,0.000000,0.063000,0.449600,0.000000,1.000000"
			MustShow="false"
			Name="sound" />
		<Socket_10
			BindType="7"
			BoneName="bip001 prop3"
			MatrixToBone="1.000600,0.000000,0.000000,0.000000,0.000000,1.000300,0.000000,0.000000,0.000000,0.000000,1.000300,0.000000,0.000000,0.000000,0.000000,1.000000"
			MustShow="false"
			Name="feitiansaoba">
			<BoundObject>
				<Object
					Name="fx\model\feitiansaoba\feitiansaoba.gim" />
			</BoundObject>
		</Socket_10>
		<Socket_11
			BindType="7"
			BoneName="bip001 spine1"
			MatrixToBone="-0.107200,-0.933800,0.351600,0.000000,0.935500,0.027700,0.359100,0.000000,-0.343900,0.365800,0.867000,0.000000,13.395700,-5.496100,13.311800,1.000000"
			MustShow="false"
			Name="fire_point" />
		<Socket_12
			BindType="7"
			BoneName="bip001 prop1"
			MatrixToBone="0.693200,-0.534300,-0.487300,0.000000,-0.668800,-0.215800,-0.714100,0.000000,0.276000,0.818600,-0.507600,0.000000,0.928013,5.876332,0.097368,1.000000"
			MustShow="false"
			Name="fx_zhaohuan" />
		<Socket_13
			BindType="7"
			MatrixToBone="1.000000,0.000000,0.000000,0.000000,0.000000,1.000000,0.000000,0.000000,0.000000,0.000000,1.000000,0.000000,0.000000,0.000000,0.000000,1.000000"
			MustShow="false"
			Name="fx">
			<BoundObject>
				<Object
					Name="fx\effect\skill\animagus.sfx" />
				<Object
					Name="fx\effect\scene\jiaoshi\sit_rongjie.sfx" />
				<Object
					Name="fx\effect\card\skill\huanyingyixing\huanyingyixing_01.sfx" />
				<Object
					Name="fx\effect\card\skill\huanyingyixing\huanyingyixing_02.sfx" />
				<Object
					Name="fx\effect\common\state\sleep.sfx" />
				<Object
					Name="fx\effect\common\state\yiwen.sfx" />
				<Object
					Name="fx/effect/card/skill/huanyingyixing/huanyingyixing_04.sfx" />
				<Object
					Name="fx/effect/pvp/feiduichen/luna_feiduichen_eff.sfx" />
			</BoundObject>
		</Socket_13>
		<Socket_14
			BindType="7"
			MatrixToBone="0.967700,0.090100,0.240200,0.000000,-0.066400,0.995400,-0.104900,0.000000,-0.247700,0.085500,0.967600,0.000000,0.176800,20.250387,0.011404,1.000000"
			MustShow="false"
			Name="head_buff" />
		<Socket_15
			BindType="7"
			BoneName="bip001 prop1"
			MatrixToBone="1.005001,0.000000,0.000000,0.000000,0.000500,1.007101,0.000000,0.000000,0.000500,-0.000300,1.004701,0.000000,-0.047082,0.524499,-0.041814,1.000001"
			MustShow="false"
			Name="weapon">
			<BoundObject>
				<Object
					Name="weapon\hali_weapon\hali_weapon.gim" />
			</BoundObject>
		</Socket_15>
		<Socket_16
			BindType="7"
			MatrixToBone="1.000000,0.000000,0.000000,0.000000,0.000000,1.000000,0.000000,0.000000,0.000000,0.000000,1.000000,0.000000,0.000000,0.000000,0.000000,1.000000"
			MustShow="false"
			Name="shu">
			<BoundObject>
				<Object
					Name="fx\model\shu\shu_a.gim" />
				<Object
					Name="fx\model\shu\shu_b.gim" />
				<Object
					Name="fx\model\shu\shu_c.gim" />
				<Object
					Name="fx\model\shu\skill_8.gim" />
				<Object
					Name="model\items\sushe\hali_pvp_review.gim" />
			</BoundObject>
		</Socket_16>
		<Socket_17
			BindType="7"
			MatrixToBone="1.000000,0.000000,0.000000,0.000000,0.000000,1.000000,0.000000,0.000000,0.000000,0.000000,1.000000,0.000000,0.000000,-0.278300,0.000000,1.000000"
			MustShow="false"
			Name="shu_e">
			<BoundObject>
				<Object
					Name="fx\effect\scene\emzs\fanshu_a1.sfx" />
				<Object
					Name="fx\effect\scene\emzs\fanshu_b1.sfx" />
				<Object
					Name="fx\effect\scene\emzs\fanshu_c1.sfx" />
			</BoundObject>
		</Socket_17>
		<Socket_18
			BindType="7"
			MatrixToBone="1.000000,0.000000,0.000000,0.000000,0.000000,1.000000,0.000000,0.000000,0.000000,0.000000,1.000000,0.000000,0.000000,0.000000,0.000000,1.000000"
			MustShow="false"
			Name="sushe_feizei">
			<BoundObject>
				<Object
					Name="model\items\sushe\hali_idle03_a.gim" />
				<Object
					Name="model\items\sushe\hali_idle03_b.gim" />
				<Object
					Name="model\items\sushe\hali_idle03_c.gim" />
			</BoundObject>
		</Socket_18>
		<Socket_19
			BindType="7"
			BoneName="bip001 l hand"
			MatrixToBone="0.429500,0.212300,0.147600,0.000000,-0.086600,-0.152200,0.469300,0.000000,0.243800,-0.427600,-0.094600,0.000000,1.131000,-0.451800,0.410000,1.000000"
			MustShow="false"
			Name="sushe_shu">
			<BoundObject>
				<Object
					Name="model\items\sushe\sushe_shu.gim" />
			</BoundObject>
		</Socket_19>
		<Socket_20
			BindType="7"
			MatrixToBone="1.000000,0.000000,0.000000,0.000000,0.000000,1.000000,0.000000,0.000000,0.000000,0.000000,1.000000,0.000000,0.000000,10.589000,3.760200,1.000000"
			MustShow="false"
			Name="guangdian" />
		<Socket_21
			BindType="7"
			MatrixToBone="1.000000,0.000000,0.000000,0.000000,0.000000,1.000000,0.000000,0.000000,0.000000,0.000000,1.000000,0.000000,0.000000,10.589000,3.760200,1.000000"
			MustShow="false"
			Name="zhaohuan_point" />
		<Socket_22
			BindType="7"
			MatrixToBone="1.000000,0.000000,0.000000,0.000000,0.000000,1.000000,0.000000,0.000000,0.000000,0.000000,1.000000,0.000000,0.000000,24.011185,0.182480,1.000000"
			MustShow="false"
			Name="hp_point" />
		<Socket_23
			BindType="7"
			MatrixToBone="1.000000,0.000000,0.000000,0.000000,0.000000,1.000000,0.000000,0.000000,0.000000,0.000000,1.000000,0.000000,0.063000,0.449600,0.000000,1.000000"
			MustShow="false"
			Name="vo" />
		<Socket_24
			BindType="7"
			MatrixToBone="1.000000,0.000000,0.000000,0.000000,0.000000,1.000000,0.000000,0.000000,0.000000,0.000000,1.000000,0.000000,13.772270,0.950367,-17.889183,1.000000"
			MustShow="false"
			Name="fx_born">
			<BoundObject>
				<Object
					Name="fx/effect/card/skill/huanyingyixing/huanyingyixing_03.sfx" />
			</BoundObject>
		</Socket_24>
		<Socket_25
			BindType="7"
			MatrixToBone="1.000000,0.000000,0.000000,0.000000,0.000000,1.000000,0.000000,0.000000,0.000000,0.000000,1.000000,0.000000,0.000000,0.000000,0.000000,1.000000"
			MustShow="false"
			Name="fx_root">
			<BoundObject>
				<Object
					Name="fx/effect/huoban/luna/born_window_end.sfx" />
				<Object
					Name="fx/effect/huixiang/luna/hxjm_luna_cs.sfx" />
			</BoundObject>
		</Socket_25>
		<Socket_26
			BindType="5"
			BoneName="bip001 head"
			MatrixToBone="-0.032202,0.999537,-0.011849,0.000000,0.889859,0.023208,-0.456983,0.000000,-0.456439,-0.025221,-0.890083,0.000000,3.926009,-0.100385,-0.987808,0.999999"
			MustShow="false"
			Name="head_bone" />
		<Socket_27
			BindType="7"
			MatrixToBone="-1.000000,0.000000,0.000000,0.000000,0.000000,1.000000,0.000000,0.000000,0.000000,0.000000,-1.000000,0.000000,1.273722,-1.345881,19.520947,1.000000"
			MustShow="false"
			Name="attack_point_static" />
		<Socket_28
			BindType="263"
			MatrixToBone="1.000000,0.000000,0.000000,0.000000,0.000000,1.000000,0.000000,0.000000,0.000000,0.000000,1.000000,0.000000,0.000000,0.000000,0.000000,1.000000"
			MustShow="false"
			Name="tuzi">
			<BoundObject>
				<Object
					Name="model/monster/changertu/changertu.gim" />
			</BoundObject>
		</Socket_28>
		<Socket_29
			BindType="7"
			MatrixToBone="-1.000000,0.000000,0.000000,0.000000,0.000000,1.000000,0.000000,0.000000,0.000000,0.000000,-1.000000,0.000000,13.371693,10.904466,6.139574,1.000000"
			MustShow="false"
			Name="soundvo" />
		<Socket_30
			BindType="7"
			MatrixToBone="-1.000000,0.000000,0.000000,0.000000,0.000000,1.000000,0.000000,0.000000,0.000000,0.000000,-1.000000,0.000000,-4.968281,0.487477,0.570877,1.000000"
			MustShow="false"
			Name="soundanim" />
	</Sockets>
	<Triggers />
	<SkeletonFile>
		<FileName
			Value="luna_shenqidongwuxuejia.skeleton" />
	</SkeletonFile>
	<AnimationConfigFile>
		<FileName
			Value="luna_shenqidongwuxuejia.animconfig" />
	</AnimationConfigFile>
</NeoX>
