<?xml version="1.0"?>
<!DOCTYPE binary_file_format SYSTEM "BinaryFileFormat.dtd">
<binary_file_format name="MsetBinaryTemplate" type_name="" comment="2021.10.10 created by Bigchillghost" expr="">
	<define_struct type_name="sizedStringLE" comment="" expr="">
		<data type="int" name="strLength" format="unsigned" byte_order="little" len="2" display=""/>
		<data type="string" name="str" format="ascii" byte_order="little" len="strLength" display=""/>
	</define_struct>
	<define_struct type_name="sizedStringBE" comment="" expr="">
		<data type="int" name="strLength" format="unsigned" byte_order="big" len="2" display=""/>
		<data type="string" name="str" format="ascii" byte_order="little" len="strLength" display=""/>
	</define_struct>
	<data type="int" name="Files1SigOffset" format="unsigned" len="4" display=""/>
	<data type="int" name="unknown" format="unsigned" len="4" display="" byte_order="big"/>
	<data type="int" name="Magic" format="unsigned" len="4" display=""/>
	<data type="int" name="unkCnt1" format="unsigned" len="2" display="" byte_order="big"/>
	<data type="int" name="filenameLength" format="unsigned" byte_order="big" len="2" display=""/>
	<data type="string" name="filename" format="ascii" len="filenameLength" display=""/>
	<data type="int" name="unkCnt2" format="unsigned" len="2" display="" byte_order="big"/>
	<data type="int" name="chunk1Address" format="unsigned" len="4" display="" byte_order="big"/>
	<data type="int" name="chunk1Size" format="unsigned" len="4" display="" byte_order="big"/>
	<data type="int" name="chunk2Address" format="unsigned" len="4" display="" byte_order="big"/>
	<data type="int" name="zipData2Size" format="unsigned" len="4" display="" byte_order="big"/>
	<data type="int" name="chunk2Size" format="unsigned" len="4" display="" byte_order="big"/>
	<jump offset="Files1SigOffset" comment="" origin="start">
		<struct name="referenceTable" type_name="" comment="" expr="">
			<use_struct name="Files1Sig" expr="" type_name="sizedStringLE" comment=""/>
			<data type="int" name="contentSize" format="unsigned" byte_order="little" len="4" display=""/>
			<jump offset="0" comment="" origin="current">
				<struct name="content_parsed" type_name="" comment="" expr="">
					<data type="int" name="referencedAssetCount" format="unsigned" len="4" display=""/>
					<for name="assetInfo" count="referencedAssetCount" stop_test="" type_name="" comment="">
						<struct name="" type_name="" comment="" expr="">
							<eval expr="curPos = addressof(this)" display_error="false" display_result="false" comment=""/>
							<use_struct name="assetPath" expr="" type_name="sizedStringLE" comment=""/>
							<eval expr="alignSize = addressof(this) - curPos" display_error="false" display_result="false" comment=""/>
							<data type="none" name="alignment" len="alignSize % 4 == 0? 0 : (4 - alignSize % 4)"/>
							<data type="int" name="unknownCRC" format="unsigned" len="4" display=""/>
						</struct>
					</for>
				</struct>
			</jump>
			<data type="none" name="content" byte_order="little" len="contentSize"/>
		</struct>
	</jump>
	<jump offset="chunk1Address" comment="" origin="start">
		<data type="none" name="chunk1" byte_order="little" len="chunk1Size"/>
	</jump>
	<jump offset="chunk1Address" comment="" origin="start">
		<struct name="chunk1_parsed" type_name="" comment="" expr="">
			<eval expr="curPos = addressof(this)" display_error="false" display_result="false" comment=""/>
			<data type="int" name="stringRelativeAddress" format="unsigned" byte_order="big" len="4" display=""/>
			<eval expr="curPos = curPos + stringRelativeAddress" display_error="false" display_result="false" comment=""/>
			<jump offset="curPos" comment="" origin="start">
				<data type="none" name="dataEnd" byte_order="little" len="0"/>
			</jump>
			<data type="int" name="unkField1" format="unsigned" byte_order="big" len="4" display=""/>
			<data type="int" name="unkField2" format="unsigned" byte_order="big" len="4" display=""/>
			<data type="int" name="unkCount" format="unsigned" byte_order="big" len="4" display=""/>
			<data type="int" name="unkField3" format="float" byte_order="big" len="4" display=""/>
			<data type="int" name="Null1" format="unsigned" byte_order="big" len="4" display=""/>
			<data type="int" name="unkCount2" format="unsigned" byte_order="big" len="4" display=""/>
			<data type="int" name="Null2" format="unsigned" byte_order="big" len="4" display=""/>
			<eval expr="lastId = 0" display_error="false" display_result="false" comment=""/>
			<for name="dataInfo" count="15" stop_test="" type_name="" comment="">
				<struct name="" type_name="" comment="" expr="">
					<data type="int" name="zlibStreamSize" format="unsigned" byte_order="big" len="4" display=""/>
					<data type="int" name="unzipSize" format="unsigned" byte_order="big" len="4" display=""/>
					<data type="int" name="zlibStreamAddress" format="unsigned" byte_order="big" len="4" display=""/>
					<if test="zlibStreamAddress &gt; 0" comment="">
						<eval expr="lastId = lastId + 1" display_error="false" display_result="false" comment=""/>
					</if>
				</struct>
			</for>
			<data type="int" name="Null3" format="unsigned" byte_order="big" len="4" display=""/>
			<data type="int" name="unknownCRC2" format="unsigned" byte_order="big" len="4" display=""/>
			<for name="unkInfo" count="unkCount" stop_test="" type_name="" comment="">
				<struct name="" type_name="" comment="" expr="">
					<data type="int" name="idx" format="unsigned" byte_order="big" len="2" display=""/>
					<data type="int" name="Null" format="unsigned" byte_order="big" len="2" display=""/>
					<data type="int" name="subCount" format="unsigned" byte_order="big" len="4" display=""/>
				</struct>
			</for>
			<eval expr="iterIdx = 0" display_error="false" display_result="false" comment=""/>
			<for name="zipData" count="15" stop_test="lastId == iterIdx" type_name="" comment="">
				<struct name="" type_name="" comment="" expr="">
					<data type="none" name="zlibStream" byte_order="little" len="dataInfo[iterIdx].zlibStreamSize > 0 ? dataInfo[iterIdx].zlibStreamSize : dataInfo[iterIdx].unzipSize"/>
					<eval expr="iterIdx = iterIdx + 1" display_error="false" display_result="false" comment=""/>
				</struct>
			</for>
			<data type="int" name="stringCount" format="unsigned" byte_order="big" len="2" display=""/>
			<for name="stringObjs" count="stringCount" stop_test="" type_name="" comment="">
				<use_struct name="strObj" expr="" type_name="sizedStringBE" comment=""/>
			</for>
		</struct>
	</jump>
	<jump offset="chunk2Address" comment="" origin="start">
		<data type="none" name="chunk2" byte_order="little" len="chunk2Size"/>
	</jump>
	<jump offset="chunk2Address" comment="" origin="start">
		<struct name="chunk2_parsed" type_name="" comment="" expr="">
			<data type="none" name="zlibStream" byte_order="little" len="zipData2Size"/>
			<data type="int" name="zlibStreamSize" format="unsigned" byte_order="big" len="4" display="" domain="this == zipData2Size"/>
			<data type="int" name="unzipSize" format="unsigned" byte_order="big" len="4" display=""/>
			<data type="int" name="unkCount" format="unsigned" byte_order="big" len="2" display=""/>
			<data type="int" name="unknownCRC2" format="unsigned" byte_order="big" len="4" display=""/>
			<for name="unkInfo" count="unkCount" stop_test="" type_name="" comment="">
				<struct name="" type_name="" comment="" expr="">
					<data type="int" name="idx" format="unsigned" byte_order="big" len="2" display=""/>
					<data type="int" name="Null" format="unsigned" byte_order="big" len="2" display=""/>
					<data type="int" name="subCount" format="unsigned" byte_order="big" len="4" display=""/>
				</struct>
			</for>
			<data type="int" name="stringCount" format="unsigned" byte_order="big" len="2" display=""/>
			<for name="stringObjs" count="stringCount" stop_test="" type_name="" comment="">
				<use_struct name="strObj" expr="" type_name="sizedStringBE" comment=""/>
			</for>
		</struct>
	</jump>
	<data type="none" name="none"/>
</binary_file_format>
