<class name="MusicLibraryParameters">
	<inherit name="HeaderObjects" />
	<field name="musicgenresGenre" />
	<field name="selType" type="Enum" />
	<field name="fileCharacterPortrait" />
	<field hash="889A1BD3" type="String" />
	<field name="sndSong" />
	<field name="radiolibraryExclusiveToRadioStation" />
	<field name="texturedbobjectAlbumArtTexture" />
	<field name="availabilityrulegroupRadioPlayCondition" />
	<field hash="78E2285C" type="Boolean" />
	<object name="locstridSongName">
		<field name="LocalizationId" />
	</object>
	<object name="locstridArtistName">
		<field name="LocalizationId" type="StringId" />
	</object>
	<object name="locstridAlbumName">
		<field name="LocalizationId" type="StringId" />
	</object>
	<object name="RadioVoices">
		<object name="Voice">
			<field hash="889A1BD3" type="String" />
			<field name="sndSong" />
		</object>
	</object>
</class>