<?xml version="1.0" encoding="Windows-1252"?>

<Config>
	<GraphicLevel>HIGH</GraphicLevel>
	<ShaderMacros>_GLOBAL_SPEC_REFL=1;_GLOBAL_NM=1;_GLOBAL_AO=1;_SCATTERING=1;_SHADOW=1;_ANISO=1</ShaderMacros>
</Config>
<Shadows>
	<UseShadow>1</UseShadow>
	<MapSize>2048</MapSize>
</Shadows>
<Landscape>
	<FirstMipLevels>0</FirstMipLevels>
	<DistanceOffset>1</DistanceOffset>
	<Granularity>1</Granularity>
</Landscape>
<Water>
	<UseReflection>1</UseReflection>
</Water>
<Lods>
	<Vehicle>
		<Lod>
			<0>0.200000003</0>
			<1>0.1000000015</1>
			<2>0</2>
			<3>0</3>
		</Lod>
	</Vehicle>
	<Building>
		<Lod>
			<0>0.3000000119</0>
			<1>0.150000006</1>
			<2>0.07999999821</2>
			<3>0</3>
		</Lod>
	</Building>
	<Character>
		<Lod>
			<0>0.1000000015</0>
			<1>0.05000000075</1>
			<2>0.01999999955</2>
			<3>0.009999999776</3>
		</Lod>
	</Character>
	<Furniture>
		<Lod>
			<0>0.05999999866</0>
			<1>0.03999999911</1>
			<2>0</2>
			<3>0</3>
		</Lod>
	</Furniture>
	<LodFilter>
		<L1>1</L1>
		<L2>1</L2>
		<L3>1</L3>
		<L4>1</L4>
	</LodFilter>
</Lods>
<VideoRecorder>
	<Record>0</Record>
	<Play>0</Play>
	<Store>0</Store>
	<SaveRecord>""</SaveRecord>
	<LoadRecord>""</LoadRecord>
	<StoreDirectory>""</StoreDirectory>
</VideoRecorder>
<TextureCtrl>
	<SizeFactor>1</SizeFactor>
</TextureCtrl>
<Furniture>
	<ViewDistFactor>1</ViewDistFactor>
</Furniture>
<Vehicle>
	<BigVehicleCastShadow>1</BigVehicleCastShadow>
</Vehicle>
<SpeedTree>
	<NearLod>50</NearLod>
	<FarLod>300</FarLod>
	<PolicyQuality>1</PolicyQuality>
</SpeedTree>
<Planet>
	<DrawBeaches>1</DrawBeaches>
</Planet>
<Miniquads>
	<RenderMode>
		<Mode>MESHES</Mode>
		<AutoRenderMode>
			<Enable>1</Enable>
			<MeshMaxHeight>250</MeshMaxHeight>
			<MeshMaxDistance>250</MeshMaxDistance>
		</AutoRenderMode>
	</RenderMode>
</Miniquads>
<MiniquadsCharacter>
	<RenderMode>
		<Mode>MESHES</Mode>
		<AutoRenderMode>
			<Enable>1</Enable>
			<MeshMaxHeight>150</MeshMaxHeight>
			<MeshMaxDistance>150</MeshMaxDistance>
		</AutoRenderMode>
	</RenderMode>
</MiniquadsCharacter>
<Live>
	<Capacity>1</Capacity>
	<Sampling>1</Sampling>
	<Autofill>1</Autofill>
	<Enable>1</Enable>
</Live>