<?xml version="1.0" encoding="Windows-1252"?>

<Config>
	<GraphicLevel>LOW</GraphicLevel>
	<ShaderMacros>_GLOBAL_SPEC_REFL=0;_GLOBAL_NM=0;_GLOBAL_AO=1;_SCATTERING=0;_SHADOW=0;_ANISO=0</ShaderMacros>
</Config>
<Shadows>
	<UseShadow>0</UseShadow>
	<MapSize>1024</MapSize>
</Shadows>
<Landscape>
	<DistanceOffset>4</DistanceOffset>
	<Granularity>2</Granularity>
	<FirstMipLevels>2</FirstMipLevels>
</Landscape>
<Water>
  <UseReflection>0</UseReflection>
</Water>
<Lods>
	<Vehicle>
		<Lod>
			<0>1</0>
			<1>1</1>
			<2>0.5</2>
			<3>0</3>
		</Lod>
	</Vehicle>
	<Building>
		<Lod>
			<0>1</0>
			<1>1</1>
			<2>0.3</2>
			<3>0</3>
		</Lod>
	</Building>
	<Character>
		<Lod>
			<0>1</0>
			<1>1</1>
			<2>0.5</2>
			<3>0.1000000015</3>
		</Lod>
	</Character>
	<Furniture>
		<Lod>
			<0>0.200000003</0>
			<1>0.1199999973</1>
			<2>0</2>
			<3>0</3>
		</Lod>
	</Furniture>
	<LodFilter>
		<L1>1</L1>
		<L2>1</L2>
		<L3>1</L3>
		<L4>1</L4>
	</LodFilter>
</Lods>
<VideoRecorder>
	<Record>0</Record>
	<Play>0</Play>
	<Store>0</Store>
	<SaveRecord>""</SaveRecord>
	<LoadRecord>""</LoadRecord>
	<StoreDirectory>""</StoreDirectory>
</VideoRecorder>
<TextureCtrl>
	<SizeFactor>0.5</SizeFactor>
</TextureCtrl>
<Furniture>
	<ViewDistFactor>0.5</ViewDistFactor>
</Furniture>
<Vehicle>
  <BigVehicleCastShadow>0</BigVehicleCastShadow>
</Vehicle>
<SpeedTree>
	<NearLod>0</NearLod>
	<FarLod>50</FarLod>
	<PolicyQuality>0</PolicyQuality>
</SpeedTree>
<Planet>
  <DrawBeaches>0</DrawBeaches>
</Planet>
<Miniquads>
	<RenderMode>
		<Mode>QUADS</Mode>
		<AutoRenderMode>
			<Enable>1</Enable>
			<MeshMaxHeight>1</MeshMaxHeight>
			<MeshMaxDistance>1</MeshMaxDistance>
		</AutoRenderMode>
	</RenderMode>
</Miniquads>
<MiniquadsCharacter>
	<RenderMode>
		<Mode>QUADS</Mode>
		<AutoRenderMode>
			<Enable>1</Enable>
			<MeshMaxHeight>1</MeshMaxHeight>
			<MeshMaxDistance>1</MeshMaxDistance>
		</AutoRenderMode>
	</RenderMode>
</MiniquadsCharacter>
<Live>
  <Enable>1</Enable>
  <Capacity>0.1</Capacity>
	<Sampling>0.1</Sampling>
	<Autofill>0.1</Autofill>
</Live>