<?xml version="1.0" encoding="Windows-1252"?>

<Config>
	<GraphicLevel>MEDIUM</GraphicLevel>
	<ShaderMacros>_GLOBAL_SPEC_REFL=1;_GLOBAL_NM=1;_GLOBAL_AO=1;_SCATTERING=1;_SHADOW=1;_ANISO=1</ShaderMacros>
</Config>
<Shadows>
	<UseShadow>1</UseShadow>
	<MapSize>1024</MapSize>
</Shadows>
<Landscape>
	<DistanceOffset>2</DistanceOffset>
	<Granularity>1</Granularity>
	<FirstMipLevels>1</FirstMipLevels>
</Landscape>
<Water>
  <UseReflection>1</UseReflection>
</Water>
<Lods>
	<Vehicle>
		<Lod>
			<0>0.5</0>
			<1>0.25</1>
			<2>0</2>
			<3>0</3>
		</Lod>
	</Vehicle>
	<Building>
		<Lod>
			<0>0.6000000238</0>
			<1>0.3000000119</1>
			<2>0.150000006</2>
			<3>0</3>
		</Lod>
	</Building>
	<Character>
		<Lod>
			<0>0.25</0>
			<1>0.1000000015</1>
			<2>0.05000000075</2>
			<3>0.01999999955</3>
		</Lod>
	</Character>
	<Furniture>
		<Lod>
			<0>0.07999999821</0>
			<1>0.05999999866</1>
			<2>0</2>
			<3>0</3>
		</Lod>
	</Furniture>
	<LodFilter>
		<L1>1</L1>
		<L2>1</L2>
		<L3>1</L3>
		<L4>1</L4>
	</LodFilter>
</Lods>
<VideoRecorder>
	<Record>0</Record>
	<Play>0</Play>
	<Store>0</Store>
	<SaveRecord>""</SaveRecord>
	<LoadRecord>""</LoadRecord>
	<StoreDirectory>""</StoreDirectory>
</VideoRecorder>
<TextureCtrl>
	<SizeFactor>1</SizeFactor>
</TextureCtrl>
<Furniture>
	<ViewDistFactor>0.75</ViewDistFactor>
</Furniture>
<Vehicle>
  <BigVehicleCastShadow>1</BigVehicleCastShadow>
</Vehicle>
<SpeedTree>
	<NearLod>0</NearLod>
	<FarLod>200</FarLod>
	<PolicyQuality>0.5</PolicyQuality>
</SpeedTree>
<Planet>
  <DrawBeaches>1</DrawBeaches>
</Planet>
<Miniquads>
	<RenderMode>
		<Mode>MESHES</Mode>
		<AutoRenderMode>
			<Enable>1</Enable>
			<MeshMaxHeight>200</MeshMaxHeight>
			<MeshMaxDistance>200</MeshMaxDistance>
		</AutoRenderMode>
	</RenderMode>
</Miniquads>
<MiniquadsCharacter>
	<RenderMode>
		<Mode>MESHES</Mode>
		<AutoRenderMode>
			<Enable>1</Enable>
			<MeshMaxHeight>100</MeshMaxHeight>
			<MeshMaxDistance>100</MeshMaxDistance>
		</AutoRenderMode>
	</RenderMode>
</MiniquadsCharacter>
<Live>
  <Enable>1</Enable>
	<Capacity>0.4</Capacity>
	<Sampling>0.4</Sampling>
	<Autofill>0.4</Autofill>
</Live>