<?xml version="1.0" encoding="Windows-1252"?>

<Constraints>
	<HeadConstraints>
		<Bone>
			<Name>Bip_Head_C_01</Name>
			<Comment>Hautdelatete:Hautducrane</Comment>
			<Constraints>
				<Constraint>
					<Desc>Hauteur</Desc>
					<Type>Position</Type>
					<Axis>Z</Axis>
					<Min>-0.100000</Min>
					<Max>0.1</Max>
				</Constraint>
			</Constraints>
		</Bone>
		<Bone>
			<Name>Bip_Head_C_02</Name>
			<Comment>Hautdelatete:Arriereducrane</Comment>
			<Constraints>
				<Constraint>
					<Desc>Profondeur</Desc>
					<Type>Position</Type>
					<Axis>Y</Axis>
					<Min>-0.02</Min>
					<Max>0.02</Max>
				</Constraint>
				<Constraint>
					<Desc>Largeur</Desc>
					<Type>Scale</Type>
					<Axis>X</Axis>
					<Min>-0.2</Min>
					<Max>0.2</Max>
				</Constraint>
			</Constraints>
		</Bone>
		<Bone>
			<Name>Bip_Head_C_03</Name>
			<Comment>Hautdelatete:Front</Comment>
			<Constraints>
				<Constraint>
					<Desc>Profondeur</Desc>
					<Type>Position</Type>
					<Axis>Y</Axis>
					<Min>0.02</Min>
					<Max>-0.04</Max>
				</Constraint>
			</Constraints>
		</Bone>
		<Bone>
			<Name>Bip_Head_C_04</Name>
			<Comment>Basdelatete:Doublementon</Comment>
			<Constraints>
				<Constraint>
					<Desc>Hauteur</Desc>
					<Type>Position</Type>
					<Axis>Z</Axis>
					<Min>0.02</Min>
					<Max>-0.08</Max>
				</Constraint>
				<Constraint>
					<Desc>Largeur</Desc>
					<Type>Scale</Type>
					<Axis>X</Axis>
					<Min>0</Min>
					<Max>0.7</Max>
				</Constraint>
				<Constraint>
					<Desc>Profondeur</Desc>
					<Type>Position</Type>
					<Axis>Y</Axis>
					<Min>0</Min>
					<Max>-0.1</Max>
				</Constraint>
			</Constraints>
		</Bone>
		<Bone>
			<Name>Bip_Head_C_05</Name>
			<Comment>Basdelatete:Cou</Comment>
			<Constraints>
				<Constraint>
					<Desc>Largeur</Desc>
					<Type>Scale</Type>
					<Axis>XY</Axis>
					<Min>-1.5</Min>
					<Max>1.5</Max>
				</Constraint>
			</Constraints>
		</Bone>
		<Bone>
			<Name>Bip_Head_C_06</Name>
			<Comment>Hautdelatete:Face</Comment>
			<Constraints>
				<Constraint>
					<Desc>Profondeur</Desc>
					<Type>Position</Type>
					<Axis>Y</Axis>
					<Min>0</Min>
					<Max>-0.15</Max>
				</Constraint>
			</Constraints>
		</Bone>
		<Bone>
			<Name>Bip_Head_L_01</Name>
			<Comment>Hautdelatete:Coteducrane</Comment>
			<Constraints>
				<Constraint>
					<Desc>Largeur</Desc>
					<Type>Position</Type>
					<Axis>X</Axis>
					<Min>0.03</Min>
					<Max>-0.03</Max>
				</Constraint>
			</Constraints>
		</Bone>
		<Bone>
			<Name>Bip_Head_L_02</Name>
			<Comment>Basdelatete:Machoire</Comment>
			<Constraints>
				<Constraint>
					<Desc>Largeur</Desc>
					<Type>Position</Type>
					<Axis>X</Axis>
					<Min>0.02</Min>
					<Max>-0.02</Max>
				</Constraint>
				<Constraint>
					<Desc>Hauteur</Desc>
					<Type>Position</Type>
					<Axis>Z</Axis>
					<Min>0.02</Min>
					<Max>-0.02</Max>
				</Constraint>
			</Constraints>
		</Bone>
	</HeadConstraints>
	<PartConstraints>
		<Bone>
			<Name>Bip_Part_C_01</Name>
			<Comment>Yeux:Milieudessourcils</Comment>
			<Constraints>
				<Constraint>
					<Desc>Hauteur</Desc>
					<Type>Position</Type>
					<Axis>Z</Axis>
					<Min>-0.03</Min>
					<Max>0.04</Max>
				</Constraint>
				<Constraint>
					<Desc>Largeur</Desc>
					<Type>Scale</Type>
					<Axis>XYZ</Axis>
					<Min>0</Min>
					<Max>0.2</Max>
				</Constraint>
			</Constraints>
		</Bone>
		<Bone>
			<Name>Bip_Part_C_02</Name>
			<Comment>Nez:Milieudunez</Comment>
			<Constraints>
				<Constraint>
					<Desc>Profondeur</Desc>
					<Type>Position</Type>
					<Axis>Y</Axis>
					<Min>-0.025</Min>
					<Max>0.02</Max>
				</Constraint>
				<Constraint>
					<Desc>Hauteur</Desc>
					<Type>Position</Type>
					<Axis>Z</Axis>
					<Min>-0.015</Min>
					<Max>0.015</Max>
				</Constraint>
				<Constraint>
					<Desc>Largeur</Desc>
					<Type>Scale</Type>
					<Axis>X</Axis>
					<Min>-0.5</Min>
					<Max>2</Max>
				</Constraint>
			</Constraints>
		</Bone>
		<Bone>
			<Name>Bip_Part_C_03</Name>
			<Comment>Nez:Boutdunez</Comment>
			<Constraints>
				<Constraint>
					<Desc>Hauteur</Desc>
					<Type>Position</Type>
					<Axis>Z</Axis>
					<Min>-0.02</Min>
					<Max>0.02</Max>
				</Constraint>
				<Constraint>
					<Desc>Largeur</Desc>
					<Type>Scale</Type>
					<Axis>X</Axis>
					<Min>-0.5</Min>
					<Max>1.5</Max>
				</Constraint>
				<Constraint>
					<Desc>Profondeur</Desc>
					<Type>Scale</Type>
					<Axis>Y</Axis>
					<Min>-0.5</Min>
					<Max>1</Max>
				</Constraint>
				<Constraint>
					<Desc>Epaisseur</Desc>
					<Type>Scale</Type>
					<Axis>Z</Axis>
					<Min>-0.5</Min>
					<Max>1</Max>
				</Constraint>
			</Constraints>
		</Bone>
		<Bone>
			<Name>Bip_Part_C_04</Name>
			<Comment>Nez:Narines</Comment>
			<Constraints>
				<Constraint>
					<Desc>Largeur</Desc>
					<Type>Scale</Type>
					<Axis>X</Axis>
					<Min>-0.2</Min>
					<Max>0.5</Max>
				</Constraint>
				<Constraint>
					<Desc>Profondeur</Desc>
					<Type>Scale</Type>
					<Axis>Y</Axis>
					<Min>-0.2</Min>
					<Max>2</Max>
				</Constraint>
				<Constraint>
					<Desc>Hauteur</Desc>
					<Type>Scale</Type>
					<Axis>Z</Axis>
					<Min>-0.2</Min>
					<Max>1</Max>
				</Constraint>
			</Constraints>
		</Bone>
		<Bone>
			<Name>Bip_Part_C_05</Name>
			<Comment>Bouche:Bouche</Comment>
			<Constraints>
				<Constraint>
					<Desc>Profondeur</Desc>
					<Type>Position</Type>
					<Axis>Y</Axis>
					<Min>-0.02</Min>
					<Max>0.02</Max>
				</Constraint>
				<Constraint>
					<Desc>Hauteur</Desc>
					<Type>Position</Type>
					<Axis>Z</Axis>
					<Min>-0.02</Min>
					<Max>0.02</Max>
				</Constraint>
				<Constraint>
					<Desc>Epaisseur</Desc>
					<Type>Scale</Type>
					<Axis>XYZ</Axis>
					<Min>-0.4</Min>
					<Max>1</Max>
				</Constraint>
			</Constraints>
		</Bone>
		<Bone>
			<Name>Bip_Part_C_06</Name>
			<Comment>Basdelatete:Menton</Comment>
			<Constraints>
				<Constraint>
					<Desc>Profondeur</Desc>
					<Type>Position</Type>
					<Axis>Y</Axis>
					<Min>0.05</Min>
					<Max>-0.04</Max>
				</Constraint>
				<Constraint>
					<Desc>Hauteur</Desc>
					<Type>Position</Type>
					<Axis>Z</Axis>
					<Min>0.05</Min>
					<Max>-0.05</Max>
				</Constraint>
				<Constraint>
					<Desc>Largeur</Desc>
					<Type>Scale</Type>
					<Axis>X</Axis>
					<Min>-1</Min>
					<Max>1</Max>
				</Constraint>
			</Constraints>
		</Bone>
		<Bone>
			<Name>Bip_Part_C_08</Name>
			<Comment>Yeux:Yeux</Comment>
			<Constraints>
				<Constraint>
					<Desc>Hauteur</Desc>
					<Type>Position</Type>
					<Axis>Z</Axis>
					<Min>-0.03</Min>
					<Max>0.02</Max>
				</Constraint>
			</Constraints>

		</Bone>
		<Bone>
			<Name>Bip_Part_C_09</Name>
			<Comment>Yeux:Yeux</Comment>
			<Constraints/>
		</Bone>
		<Bone>
			<Name>Bip_Part_L_01</Name>
			<Comment>Yeux:Sourcils</Comment>
			<Constraints>
				<Constraint>
					<Desc>Profondeur</Desc>
					<Type>Position</Type>
					<Axis>Y</Axis>
					<Min>0</Min>
					<Max>-0.02</Max>
				</Constraint>
				<Constraint>
					<Desc>Hauteur</Desc>
					<Type>Position</Type>
					<Axis>Z</Axis>
					<Min>-0.04</Min>
					<Max>0.05</Max>
				</Constraint>
			</Constraints>
		</Bone>
		<Bone>
			<Name>Bip_Part_L_02</Name>
			<Comment>Oreilles:Oreilles</Comment>
			<Constraints>
				<Constraint>
					<Desc>Rotation</Desc>
					<Type>Rotation</Type>
					<Axis>X</Axis>
					<Min>-0.3</Min>
					<Max>0.3</Max>
				</Constraint>
				<Constraint>
					<Desc>PositionHauteur</Desc>
					<Type>Position</Type>
					<Axis>Z</Axis>
					<Min>-0.02</Min>
					<Max>0.02</Max>
				</Constraint>
				<Constraint>
					<Desc>Taille</Desc>
					<Type>Scale</Type>
					<Axis>XYZ</Axis>
					<Min>-0.4</Min>
					<Max>0.5</Max>
				</Constraint>
				<Constraint>
					<Desc>Rotation</Desc>
					<Type>Rotation</Type>
					<Axis>Z</Axis>
					<Min>-0.5</Min>
					<Max>0.5</Max>
				</Constraint>
			</Constraints>
		</Bone>
		<Bone>
			<Name>Bip_Part_L_03</Name>
			<Comment>Hautdelatete:Pommettes</Comment>
			<Constraints>
				<Constraint>
					<Desc>Profondeur</Desc>
					<Type>Position</Type>
					<Axis>Y</Axis>
					<Min>0.02</Min>
					<Max>-0.02</Max>
				</Constraint>
				<Constraint>
					<Desc>Taille</Desc>
					<Type>Scale</Type>
					<Axis>XYZ</Axis>
					<Min>-0.5</Min>
					<Max>0.5</Max>
				</Constraint>
			</Constraints>
		</Bone>
		<Bone>
			<Name>Bip_Part_L_04</Name>
			<Comment>Hautdelatete:Souspommettes</Comment>
			<Constraints>
				<Constraint>
					<Desc>largeur</Desc>
					<Type>Position</Type>
					<Axis>X</Axis>
					<Min>0.02</Min>
					<Max>-0.02</Max>
				</Constraint>
			</Constraints>
		</Bone>
		<Bone>
			<Name>Bip_Part_L_05</Name>
			<Comment>Bouche:Cotesdelabouche</Comment>
			<Constraints>
				<Constraint>
					<Desc>Largeur</Desc>
					<Type>Position</Type>
					<Axis>X</Axis>
					<Min>0.02</Min>
					<Max>-0.03</Max>
				</Constraint>
				<Constraint>
					<Desc>Profondeur</Desc>
					<Type>Position</Type>
					<Axis>Y</Axis>
					<Min>-0.02</Min>
					<Max>0.02</Max>
				</Constraint>
				<Constraint>
					<Desc>Sourire</Desc>
					<Type>Position</Type>
					<Axis>Z</Axis>
					<Min>-0.04</Min>
					<Max>0.02</Max>
				</Constraint>
			</Constraints>
		</Bone>
		<Bone>
			<Name>Bip_Part_L_06</Name>
			<Comment>Basdelatete:Joues</Comment>
			<Constraints>
				<Constraint>
					<Desc>Largeur</Desc>
					<Type>Position</Type>
					<Axis>X</Axis>
					<Min>0.05</Min>
					<Max>-0.05</Max>
				</Constraint>
			</Constraints>
		</Bone>
		<Bone>
			<Name>Bip_Part_L_07</Name>
			<Comment>Yeux:Paupieres</Comment>
			<Constraints>
				<Constraint>
					<Desc>Rotation</Desc>
					<Type>Rotation</Type>
					<Axis>Z</Axis>
					<Min>-0.36</Min>
					<Max>1.035</Max>
				</Constraint> 
				<Constraint>
					<Desc>Position</Desc>
					<Type>Position</Type>
					<Axis>Z</Axis>
					<Min>-0.02</Min>
					<Max>0.02</Max>
				</Constraint>
			</Constraints>
		</Bone>
	</PartConstraints>
	<BodyConstraints>
		<Bone>
			<Name>Bip_Body_L_01</Name>
			<Comment>Jambe:Cuisses</Comment>
			<Constraints>
				<Constraint>
					<Desc>Taille</Desc>
					<Type>Scale</Type>
					<Axis>XY</Axis>
					<Min>-0.9</Min>
					<Max>1.5</Max>
				</Constraint>
			</Constraints>
		</Bone>
		<Bone>
			<Name>Bip_Body_L_02</Name>
			<Comment>Jambe:Mollets</Comment>
			<Constraints>
				<Constraint>
					<Desc>Taille</Desc>
					<Type>Scale</Type>
					<Axis>XY</Axis>
					<Min>-0.5</Min>
					<Max>1</Max>
				</Constraint>
			</Constraints>
		</Bone>
		<Bone>
			<Name>Bip_Body_L_03</Name>
			<Comment>Jambe:Pieds</Comment>
			<Constraints>
				<Constraint>
					<Desc>Largeur</Desc>
					<Type>Scale</Type>
					<Axis>X</Axis>
					<Min>-0.3</Min>
					<Max>0.5</Max>
				</Constraint>
				<Constraint>
					<Desc>Profondeur</Desc>
					<Type>Scale</Type>
					<Axis>y</Axis>
					<Min>-0.3</Min>
					<Max>0.3</Max>
				</Constraint>
				<Constraint>
					<Desc>Hauteur</Desc>
					<Type>Scale</Type>
					<Axis>Z</Axis>
					<Min>0</Min>
					<Max>0.7</Max>
				</Constraint>
			</Constraints>
		</Bone>
		<Bone>
			<Name>Bip_Body_L_04</Name>
			<Comment>Bras:Bras</Comment>
			<Constraints>
				<Constraint>
					<Desc>Taille</Desc>
					<Type>Scale</Type>
					<Axis>YZ</Axis>
					<Min>-0.8</Min>
					<Max>1.5</Max>
				</Constraint>
			</Constraints>
		</Bone>
		<Bone>
			<Name>Bip_Body_L_05</Name>
			<Comment>Bras:Avantbras</Comment>
			<Constraints>
				<Constraint>
					<Desc>Taille</Desc>
					<Type>Scale</Type>
					<Axis>YZ</Axis>
					<Min>-0.5</Min>
					<Max>1.3</Max>
				</Constraint>
			</Constraints>
		</Bone>
		<Bone>
			<Name>Bip_Body_L_06</Name>
			<Comment>Bras:Mains</Comment>
			<Constraints>
				<Constraint>
					<Desc>Taille</Desc>
					<Type>Scale</Type>
					<Axis>YZ</Axis>
					<Min>-0.5</Min>
					<Max>0.8</Max>
				</Constraint>
			</Constraints>
		</Bone>
		<Bone>
			<Name>Bip_Body_C_01</Name>
			<Comment>Hautducorps:Poitrine</Comment>
			<Constraints>
				<Constraint>
					<Desc>Taille</Desc>
					<Type>Scale</Type>
					<Axis>XY</Axis>
					<Min>-0.4</Min>
					<Max>0.4</Max>
				</Constraint>
			</Constraints>
		</Bone>
		<Bone>
			<Name>Bip_Body_C_02</Name>
			<Comment>Hautducorps:Ventre</Comment>
			<Constraints>
				<Constraint>
					<Desc>Taille</Desc>
					<Type>Scale</Type>
					<Axis>XY</Axis>
					<Min>-0.5</Min>
					<Max>1</Max>
				</Constraint>
			</Constraints>
		</Bone>
	</BodyConstraints>
</Constraints>